"model","Total_Visits","Total_TP","Total_FP","Total_TN","Total_FN","TPR_Sensitivity","FPR_False_Alarm","baseline_length","sampling_freq","assay_noise","TNR_Specificity","NPV"
"FixedCutoff",69498,14,34795,34688,1,0.933333333333333,0.500769972511262,2,0.25,0.02,0.499230027488738,0.999971172417769
"PJQM2",69498,10,0,69483,5,0.666666666666667,0,2,0.25,0.02,1,0.999928045130094
"WithinPerson",69498,10,28381,41102,5,0.666666666666667,0.40845962321719,2,0.25,0.02,0.59154037678281,0.999878366215
"WithinSubject",69498,10,3924,65559,5,0.666666666666667,0.056474245498899,2,0.25,0.02,0.943525754501101,0.999923738637057
"FixedCutoff",67716,14,34025,33676,1,0.933333333333333,0.502577509933384,3,0.25,0.02,0.497422490066616,0.999970306143659
"PJQM2",67716,10,0,67701,5,0.666666666666667,0,3,0.25,0.02,1,0.999926151301214
"WithinPerson",67716,10,28381,39320,5,0.666666666666667,0.419210942231282,3,0.25,0.02,0.580789057768718,0.999872854418309
"WithinSubject",67716,10,3924,63777,5,0.666666666666667,0.0579607391323614,3,0.25,0.02,0.942039260867639,0.999921607977172
"FixedCutoff",64152,14,32475,31662,1,0.933333333333333,0.506337995228963,5,0.25,0.02,0.493662004771037,0.999968417395698
"PJQM2",64152,10,0,64137,5,0.666666666666667,0,5,0.25,0.02,1,0.999922047956097
"WithinPerson",64152,10,28381,35756,5,0.666666666666667,0.442505885838128,5,0.25,0.02,0.557494114161872,0.999860182880792
"WithinSubject",64152,10,3924,60213,5,0.666666666666667,0.0611815332803218,5,0.25,0.02,0.938818466719678,0.999916968348334
"FixedCutoff",60588,14,30876,29697,1,0.933333333333333,0.509732058838096,7,0.25,0.02,0.490267941161904,0.999966327698835
"PJQM2",60588,10,0,60573,5,0.666666666666667,0,7,0.25,0.02,1,0.999917461784806
"WithinPerson",60588,10,27661,32912,5,0.666666666666667,0.456655605632873,7,0.25,0.02,0.543344394367127,0.999848102804022
"WithinSubject",60588,10,3924,56649,5,0.666666666666667,0.064781338219999,7,0.25,0.02,0.935218661780001,0.999911744978289
"FixedCutoff",55242,14,28398,26829,1,0.933333333333333,0.514205008419795,10,0.25,0.02,0.485794991580205,0.999962728289228
"PJQM2",55242,10,0,55227,5,0.666666666666667,0,10,0.25,0.02,1,0.999909472769409
"WithinPerson",55242,10,25470,29757,5,0.666666666666667,0.461187462654137,10,0.25,0.02,0.538812537345863,0.999832000537598
"WithinSubject",55242,10,3924,51303,5,0.666666666666667,0.071052202726927,10,0.25,0.02,0.928947797273073,0.999902549310049
"FixedCutoff",37422,14,20057,17350,1,0.933333333333333,0.536183067340337,20,0.25,0.02,0.463816932659663,0.999942366434211
"PJQM2",37422,10,0,37407,5,0.666666666666667,0,20,0.25,0.02,1,0.999866353041805
"WithinPerson",37422,10,22453,14954,5,0.666666666666667,0.600235250086882,20,0.25,0.02,0.399764749913118,0.999665753058359
"WithinSubject",37422,10,3924,33483,5,0.666666666666667,0.104900152377897,20,0.25,0.02,0.895099847622103,0.999850692785475
"FixedCutoff",19602,0,10869,8733,0,0,0.554484236302418,30,0.25,0.02,0.445515763697582,1
"PJQM2",19602,0,0,19602,0,0,0,30,0.25,0.02,1,1
"WithinPerson",19602,0,12105,7497,0,0,0.617539026629936,30,0.25,0.02,0.382460973370064,1
"WithinSubject",19602,0,3924,15678,0,0,0.200183654729109,30,0.25,0.02,0.799816345270891,1
"FixedCutoff",33858,8,17181,16667,2,0.8,0.507592767667218,2,0.5,0.02,0.492407232332782,0.999880016797648
"PJQM2",33858,5,208,33640,5,0.5,0.00614511935712597,2,0.5,0.02,0.993854880642874,0.999851389508099
"WithinPerson",33858,5,7543,26305,5,0.5,0.222849208225006,2,0.5,0.02,0.777150791774994,0.999809958190802
"WithinSubject",33858,5,1957,31891,5,0.5,0.0578173008744978,2,0.5,0.02,0.942182699125502,0.999843240531728
"FixedCutoff",32076,8,16385,15681,2,0.8,0.510977359196657,3,0.5,0.02,0.489022640803343,0.999872473378818
"PJQM2",32076,5,208,31858,5,0.5,0.00648662134347907,3,0.5,0.02,0.993513378656521,0.999843078178452
"WithinPerson",32076,5,7543,24523,5,0.5,0.235233580739724,3,0.5,0.02,0.764766419260276,0.999796151337247
"WithinSubject",32076,5,1957,30109,5,0.5,0.061030374851868,3,0.5,0.02,0.938969625148132,0.999833964269111
"FixedCutoff",28512,8,14785,13717,2,0.8,0.518735527331415,5,0.5,0.02,0.481264472668585,0.999854216779649
"PJQM2",28512,5,208,28294,5,0.5,0.0072977334923865,5,0.5,0.02,0.992702266507614,0.999823315311495
"WithinPerson",28512,5,7543,20959,5,0.5,0.264648094870535,5,0.5,0.02,0.735351905129465,0.999761495897729
"WithinSubject",28512,5,1957,26545,5,0.5,0.068661848291348,5,0.5,0.02,0.931338151708652,0.999811676082862
"FixedCutoff",24948,8,13113,11825,2,0.8,0.525824043628198,7,0.5,0.02,0.474175956371802,0.99983089540881
"PJQM2",24948,5,208,24730,5,0.5,0.0083406848985484,7,0.5,0.02,0.991659315101452,0.999797857287245
"WithinPerson",24948,5,6807,18131,5,0.5,0.272956933194322,7,0.5,0.02,0.727043066805678,0.999724305249228
"WithinSubject",24948,5,1957,22981,5,0.5,0.0784746170502847,7,0.5,0.02,0.921525382949715,0.999782476289916
"FixedCutoff",19602,8,10482,9110,2,0.8,0.53501429154757,10,0.5,0.02,0.46498570845243,0.999780509218613
"PJQM2",19602,5,208,19384,5,0.5,0.0106165781951817,10,0.5,0.02,0.989383421804818,0.999742121821651
"WithinPerson",19602,5,5240,14352,5,0.5,0.267456104532462,10,0.5,0.02,0.732543895467538,0.999651737828237
"WithinSubject",19602,5,1957,17635,5,0.5,0.0998877092690894,10,0.5,0.02,0.900112290730911,0.999716553287982
"FixedCutoff",1782,0,1004,778,0,0,0.56341189674523,20,0.5,0.02,0.43658810325477,1
"PJQM2",1782,0,0,1782,0,0,0,20,0.5,0.02,1,1
"WithinPerson",1782,0,5,1777,0,0,0.00280583613916947,20,0.5,0.02,0.99719416386083,1
"WithinSubject",1782,0,424,1358,0,0,0.237934904601571,20,0.5,0.02,0.762065095398429,1
"FixedCutoff",16038,5,8514,7519,0,1,0.531029751138277,2,1,0.02,0.468970248861723,1
"PJQM2",16038,5,0,16033,0,1,0,2,1,0.02,1,1
"WithinPerson",16038,5,6224,9809,0,1,0.388199338863594,2,1,0.02,0.611800661136406,1
"WithinSubject",16038,5,3258,12775,0,1,0.203205887856296,2,1,0.02,0.796794112143704,1
"FixedCutoff",14256,5,7686,6565,0,1,0.539330573293102,3,1,0.02,0.460669426706898,1
"PJQM2",14256,5,0,14251,0,1,0,3,1,0.02,1,1
"WithinPerson",14256,5,6224,8027,0,1,0.436741281313592,3,1,0.02,0.563258718686408,1
"WithinSubject",14256,5,3258,10993,0,1,0.228615535751877,3,1,0.02,0.771384464248123,1
"FixedCutoff",10692,5,5982,4705,0,1,0.559745485168897,5,1,0.02,0.440254514831103,1
"PJQM2",10692,5,0,10687,0,1,0,5,1,0.02,1,1
"WithinPerson",10692,5,6219,4468,0,1,0.581921961261346,5,1,0.02,0.418078038738654,1
"WithinSubject",10692,5,3258,7429,0,1,0.304856367549359,5,1,0.02,0.695143632450641,1
"FixedCutoff",7128,0,4117,3011,0,0,0.577581369248036,7,1,0.02,0.422418630751964,1
"PJQM2",7128,0,0,7128,0,0,0,7,1,0.02,1,1
"WithinPerson",7128,0,4641,2487,0,0,0.651094276094276,7,1,0.02,0.348905723905724,1
"WithinSubject",7128,0,3258,3870,0,0,0.457070707070707,7,1,0.02,0.542929292929293,1
"FixedCutoff",1782,0,1092,690,0,0,0.612794612794613,10,1,0.02,0.387205387205387,1
"PJQM2",1782,0,0,1782,0,0,0,10,1,0.02,1,1
"WithinPerson",1782,0,1744,38,0,0,0.978675645342312,10,1,0.02,0.021324354657688,1
"WithinSubject",1782,0,1504,278,0,0,0.843995510662177,10,1,0.02,0.156004489337823,1
"FixedCutoff",69498,14,34659,34824,1,0.933333333333333,0.498812659211606,2,0.25,0.05,0.501187340788394,0.999971284996411
"PJQM2",69498,10,0,69483,5,0.666666666666667,0,2,0.25,0.05,1,0.999928045130094
"WithinPerson",69498,10,14214,55269,5,0.666666666666667,0.204568023833168,2,0.25,0.05,0.795431976166832,0.999909541556609
"WithinSubject",69498,10,3933,65550,5,0.666666666666667,0.0566037735849057,2,0.25,0.05,0.943396226415094,0.999923728167188
"FixedCutoff",67716,14,33863,33838,1,0.933333333333333,0.500184635382047,3,0.25,0.05,0.499815364617952,0.9999704482993
"PJQM2",67716,10,0,67701,5,0.666666666666667,0,3,0.25,0.05,1,0.999926151301214
"WithinPerson",67716,10,14214,53487,5,0.666666666666667,0.20995258563389,3,0.25,0.05,0.79004741436611,0.999906528078965
"WithinSubject",67716,10,3933,63768,5,0.666666666666667,0.0580936766074356,3,0.25,0.05,0.941906323392564,0.999921596914055
"FixedCutoff",64152,14,32304,31833,1,0.933333333333333,0.50367182749427,5,0.25,0.05,0.49632817250573,0.999968587045297
"PJQM2",64152,10,0,64137,5,0.666666666666667,0,5,0.25,0.05,1,0.999922047956097
"WithinPerson",64152,10,14214,49923,5,0.666666666666667,0.221619346087282,5,0.25,0.05,0.778380653912718,0.999899855792341
"WithinSubject",64152,10,3933,60204,5,0.666666666666667,0.0613218578979372,5,0.25,0.05,0.938678142102063,0.99991695593682
"FixedCutoff",60588,14,30658,29915,1,0.933333333333333,0.506133095603652,7,0.25,0.05,0.493866904396348,0.999966573071266
"PJQM2",60588,10,0,60573,5,0.666666666666667,0,7,0.25,0.05,1,0.999917461784806
"WithinPerson",60588,10,14214,46359,5,0.666666666666667,0.234659006488039,7,0.25,0.05,0.765340993511961,0.999892157708567
"WithinSubject",60588,10,3933,56640,5,0.666666666666667,0.0649299192709623,7,0.25,0.05,0.935070080729038,0.999911730955954
"FixedCutoff",55242,14,28077,27150,1,0.933333333333333,0.508392634037699,10,0.25,0.05,0.491607365962301,0.999963168944054
"PJQM2",55242,10,0,55227,5,0.666666666666667,0,10,0.25,0.05,1,0.999909472769409
"WithinPerson",55242,10,13494,41733,5,0.666666666666667,0.24433700907165,10,0.25,0.05,0.75566299092835,0.999880205088888
"WithinSubject",55242,10,3933,51294,5,0.666666666666667,0.0712151664946494,10,0.25,0.05,0.928784833505351,0.999902532213104
"FixedCutoff",37422,14,19817,17590,1,0.933333333333333,0.529767155879916,20,0.25,0.05,0.470232844120084,0.999943152748565
"PJQM2",37422,10,0,37407,5,0.666666666666667,0,20,0.25,0.05,1,0.999866353041805
"WithinPerson",37422,10,10549,26858,5,0.666666666666667,0.282006041649959,20,0.25,0.05,0.717993958350041,0.999813870379332
"WithinSubject",37422,10,3933,33474,5,0.666666666666667,0.105140749057663,20,0.25,0.05,0.894859250942337,0.999850652647929
"FixedCutoff",19602,0,10702,8900,0,0,0.545964697479849,30,0.25,0.05,0.454035302520151,1
"PJQM2",19602,0,0,19602,0,0,0,30,0.25,0.05,1,1
"WithinPerson",19602,0,6530,13072,0,0,0.333129272523212,30,0.25,0.05,0.666870727476788,1
"WithinSubject",19602,0,3117,16485,0,0,0.159014386287114,30,0.25,0.05,0.840985613712886,1
"FixedCutoff",33858,8,17206,16642,2,0.8,0.508331363743796,2,0.5,0.05,0.491668636256204,0.999879836577746
"PJQM2",33858,4,0,33848,6,0.4,0,2,0.5,0.05,1,0.999822768358244
"WithinPerson",33858,5,4745,29103,5,0.5,0.140185535334436,2,0.5,0.05,0.859814464665564,0.999828225917274
"WithinSubject",33858,5,2362,31486,5,0.5,0.0697825573150555,2,0.5,0.05,0.930217442684944,0.999841224476835
"FixedCutoff",32076,8,16384,15682,2,0.8,0.510946173517121,3,0.5,0.05,0.489053826482879,0.999872481509819
"PJQM2",32076,4,0,32066,6,0.4,0,3,0.5,0.05,1,0.999812920927912
"WithinPerson",32076,5,4745,27321,5,0.5,0.147976049398116,3,0.5,0.05,0.852023950601884,0.999817024079631
"WithinSubject",32076,5,2362,29704,5,0.5,0.0736605750639306,3,0.5,0.05,0.926339424936069,0.999831700831398
"FixedCutoff",28512,8,14769,13733,2,0.8,0.518174163216616,5,0.5,0.05,0.481825836783384,0.999854386603568
"PJQM2",28512,4,0,28502,6,0.4,0,5,0.5,0.05,1,0.999789532762733
"WithinPerson",28512,5,4745,23757,5,0.5,0.166479545295067,5,0.5,0.05,0.833520454704933,0.999789580001683
"WithinSubject",28512,5,2362,26140,5,0.5,0.0828713774471967,5,0.5,0.05,0.917128622552803,0.999808758844903
"FixedCutoff",24948,8,13044,11894,2,0.8,0.523057181810891,7,0.5,0.05,0.476942818189109,0.999831876260928
"PJQM2",24948,4,0,24938,6,0.4,0,7,0.5,0.05,1,0.999759461193072
"WithinPerson",24948,5,4742,20196,5,0.5,0.190151575908252,7,0.5,0.05,0.809848424091748,0.999752487500619
"WithinSubject",24948,5,2362,22576,5,0.5,0.0947148929344775,7,0.5,0.05,0.905285107065522,0.999778574908109
"FixedCutoff",19602,8,10279,9313,2,0.8,0.524652919559004,10,0.5,0.05,0.475347080440996,0.999785292538916
"PJQM2",19602,4,0,19592,6,0.4,0,10,0.5,0.05,1,0.999693846310848
"WithinPerson",19602,5,3233,16359,5,0.5,0.165016333197223,10,0.5,0.05,0.834983666802777,0.999694451234417
"WithinSubject",19602,5,2361,17231,5,0.5,0.120508370763577,10,0.5,0.05,0.879491629236423,0.999709909491761
"FixedCutoff",1782,0,943,839,0,0,0.529180695847362,20,0.5,0.05,0.470819304152638,1
"PJQM2",1782,0,0,1782,0,0,0,20,0.5,0.05,1,1
"WithinPerson",1782,0,5,1777,0,0,0.00280583613916947,20,0.5,0.05,0.99719416386083,1
"WithinSubject",1782,0,5,1777,0,0,0.00280583613916947,20,0.5,0.05,0.99719416386083,1
"FixedCutoff",16038,5,8746,7287,0,1,0.545499906442961,2,1,0.05,0.454500093557039,1
"PJQM2",16038,5,0,16033,0,1,0,2,1,0.05,1,1
"WithinPerson",16038,5,6084,9949,0,1,0.379467348593526,2,1,0.05,0.620532651406474,1
"WithinSubject",16038,5,4464,11569,0,1,0.278425746897025,2,1,0.05,0.721574253102975,1
"FixedCutoff",14256,5,7899,6352,0,1,0.554276892849625,3,1,0.05,0.445723107150375,1
"PJQM2",14256,5,0,14251,0,1,0,3,1,0.05,1,1
"WithinPerson",14256,5,6084,8167,0,1,0.42691740930461,3,1,0.05,0.57308259069539,1
"WithinSubject",14256,5,4464,9787,0,1,0.31324117605782,3,1,0.05,0.686758823942179,1
"FixedCutoff",10692,5,6189,4498,0,1,0.579114812388884,5,1,0.05,0.420885187611116,1
"PJQM2",10692,5,0,10687,0,1,0,5,1,0.05,1,1
"WithinPerson",10692,5,6084,4603,0,1,0.569289791335267,5,1,0.05,0.430710208664733,1
"WithinSubject",10692,5,4464,6223,0,1,0.417703752222326,5,1,0.05,0.582296247777674,1
"FixedCutoff",7128,0,4289,2839,0,0,0.601711560044893,7,1,0.05,0.398288439955107,1
"PJQM2",7128,0,0,7128,0,0,0,7,1,0.05,1,1
"WithinPerson",7128,0,4580,2548,0,0,0.642536475869809,7,1,0.05,0.357463524130191,1
"WithinSubject",7128,0,4074,3054,0,0,0.571548821548822,7,1,0.05,0.428451178451178,1
"FixedCutoff",1782,0,1169,613,0,0,0.656004489337823,10,1,0.05,0.343995510662177,1
"PJQM2",1782,0,0,1782,0,0,0,10,1,0.05,1,1
"WithinPerson",1782,0,1744,38,0,0,0.978675645342312,10,1,0.05,0.021324354657688,1
"WithinSubject",1782,0,1617,165,0,0,0.907407407407407,10,1,0.05,0.0925925925925926,1
"FixedCutoff",69498,14,34591,34892,1,0.933333333333333,0.497834002561778,2,0.25,0.08,0.502165997438222,0.999971340956639
"PJQM2",69498,10,0,69483,5,0.666666666666667,0,2,0.25,0.08,1,0.999928045130094
"WithinPerson",69498,10,6439,63044,5,0.666666666666667,0.0926701495329793,2,0.25,0.08,0.907329850467021,0.999920696601056
"WithinSubject",69498,10,2701,66782,5,0.666666666666667,0.038872817811551,2,0.25,0.08,0.961127182188449,0.999925135131088
"FixedCutoff",67716,14,33774,33927,1,0.933333333333333,0.498870031461869,3,0.25,0.08,0.501129968538131,0.999970525819382
"PJQM2",67716,10,0,67701,5,0.666666666666667,0,3,0.25,0.08,1,0.999926151301214
"WithinPerson",67716,10,6439,61262,5,0.666666666666667,0.095109378000325,3,0.25,0.08,0.904890621999675,0.999918389997878
"WithinSubject",67716,10,2701,65000,5,0.666666666666667,0.0398960133528308,3,0.25,0.08,0.960103986647169,0.999923082839782
"FixedCutoff",64152,14,32204,31933,1,0.933333333333333,0.502112665076321,5,0.25,0.08,0.497887334923679,0.999968685413666
"PJQM2",64152,10,0,64137,5,0.666666666666667,0,5,0.25,0.08,1,0.999922047956097
"WithinPerson",64152,10,6439,57698,5,0.666666666666667,0.100394468091741,5,0.25,0.08,0.899605531908259,0.999913349392579
"WithinSubject",64152,10,2701,61436,5,0.666666666666667,0.0421129769088046,5,0.25,0.08,0.957887023091195,0.999918621116193
"FixedCutoff",60588,14,30501,30072,1,0.933333333333333,0.503541181714625,7,0.25,0.08,0.496458818285375,0.999966747580887
"PJQM2",60588,10,0,60573,5,0.666666666666667,0,7,0.25,0.08,1,0.999917461784806
"WithinPerson",60588,10,6439,54134,5,0.666666666666667,0.10630148746141,7,0.25,0.08,0.89369851253859,0.999907645135669
"WithinSubject",60588,10,2701,57872,5,0.666666666666667,0.0445908242946527,7,0.25,0.08,0.955409175705347,0.99991360989685
"FixedCutoff",55242,14,27784,27443,1,0.933333333333333,0.503087258044073,10,0.25,0.08,0.496912741955927,0.99996356216295
"PJQM2",55242,10,0,55227,5,0.666666666666667,0,10,0.25,0.08,1,0.999909472769409
"WithinPerson",55242,10,6076,49151,5,0.666666666666667,0.110018650297862,10,0.25,0.08,0.889981349702138,0.999898283017333
"WithinSubject",55242,10,2701,52526,5,0.666666666666667,0.0489072374019954,10,0.25,0.08,0.951092762598005,0.999904818107403
"FixedCutoff",37422,14,19639,17768,1,0.933333333333333,0.525008688213436,20,0.25,0.08,0.474991311786564,0.999943722212843
"PJQM2",37422,10,0,37407,5,0.666666666666667,0,20,0.25,0.08,1,0.999866353041805
"WithinPerson",37422,10,3830,33577,5,0.666666666666667,0.102387253722565,20,0.25,0.08,0.897612746277435,0.999851110714073
"WithinSubject",37422,10,2701,34706,5,0.666666666666667,0.0722057368941642,20,0.25,0.08,0.927794263105836,0.999855953444153
"FixedCutoff",19602,0,10559,9043,0,0,0.538669523518008,30,0.25,0.08,0.461330476481992,1
"PJQM2",19602,0,0,19602,0,0,0,30,0.25,0.08,1,1
"WithinPerson",19602,0,1444,18158,0,0,0.0736659524538312,30,0.25,0.08,0.926334047546169,1
"WithinSubject",19602,0,777,18825,0,0,0.0396388123660851,30,0.25,0.08,0.960361187633915,1
"FixedCutoff",33858,8,17253,16595,2,0.8,0.509719924367762,2,0.5,0.08,0.490280075632238,0.999879496294511
"PJQM2",33858,0,0,33848,10,0,0,2,0.5,0.08,1,0.999704648827456
"WithinPerson",33858,5,4713,29135,5,0.5,0.139240132356417,2,0.5,0.08,0.860759867643583,0.999828414550446
"WithinSubject",33858,4,3770,30078,6,0.4,0.111380288347908,2,0.5,0.08,0.888619711652092,0.999800558436378
"FixedCutoff",32076,8,16414,15652,2,0.8,0.5118817439032,3,0.5,0.08,0.4881182560968,0.999872237127891
"PJQM2",32076,0,0,32066,10,0,0,3,0.5,0.08,1,0.999688240428981
"WithinPerson",32076,5,4713,27353,5,0.5,0.146978107652966,3,0.5,0.08,0.853021892347034,0.9998172381022
"WithinSubject",32076,4,3770,28296,6,0.4,0.117570011850558,3,0.5,0.08,0.882429988149442,0.999788000847997
"FixedCutoff",28512,8,14793,13709,2,0.8,0.519016209388815,5,0.5,0.08,0.480983790611185,0.999854131719058
"PJQM2",28512,0,0,28502,10,0,0,5,0.5,0.08,1,0.999649270482604
"WithinPerson",28512,5,4713,23789,5,0.5,0.165356817065469,5,0.5,0.08,0.834643182934531,0.99978986299067
"WithinSubject",28512,4,3770,24732,6,0.4,0.132271419549505,5,0.5,0.08,0.867728580450495,0.999757458161533
"FixedCutoff",24948,8,13009,11929,2,0.8,0.521653701178924,7,0.5,0.08,0.478346298821076,0.999832369457715
"PJQM2",24948,0,0,24938,10,0,0,7,0.5,0.08,1,0.999599166265833
"WithinPerson",24948,5,4713,20225,5,0.5,0.188988691956051,7,0.5,0.08,0.811011308043949,0.999752842313396
"WithinSubject",24948,4,3770,21168,6,0.4,0.15117491378619,7,0.5,0.08,0.84882508621381,0.999716633607254
"FixedCutoff",19602,8,10155,9437,2,0.8,0.518323805634953,10,0.5,0.08,0.481676194365047,0.999788113147579
"PJQM2",19602,0,0,19592,10,0,0,10,0.5,0.08,1,0.999489847974696
"WithinPerson",19602,5,3204,16388,5,0.5,0.163536137198857,10,0.5,0.08,0.836463862801143,0.999694991764778
"WithinSubject",19602,4,3051,16541,6,0.4,0.155726827276439,10,0.5,0.08,0.844273172723561,0.99963739650692
"FixedCutoff",1782,0,884,898,0,0,0.496071829405163,20,0.5,0.08,0.503928170594837,1
"PJQM2",1782,0,0,1782,0,0,0,20,0.5,0.08,1,1
"WithinPerson",1782,0,5,1777,0,0,0.00280583613916947,20,0.5,0.08,0.99719416386083,1
"WithinSubject",1782,0,5,1777,0,0,0.00280583613916947,20,0.5,0.08,0.99719416386083,1
"FixedCutoff",16038,5,9015,7018,0,1,0.562277802033306,2,1,0.08,0.437722197966694,1
"PJQM2",16038,5,0,16033,0,1,0,2,1,0.08,1,1
"WithinPerson",16038,5,4404,11629,0,1,0.27468346535271,2,1,0.08,0.72531653464729,1
"WithinSubject",16038,5,5021,11012,0,1,0.313166593900081,2,1,0.08,0.686833406099919,1
"FixedCutoff",14256,5,8150,6101,0,1,0.571889691951442,3,1,0.08,0.428110308048558,1
"PJQM2",14256,5,0,14251,0,1,0,3,1,0.08,1,1
"WithinPerson",14256,5,4404,9847,0,1,0.309030945196828,3,1,0.08,0.690969054803172,1
"WithinSubject",14256,5,5021,9230,0,1,0.352326152550698,3,1,0.08,0.647673847449302,1
"FixedCutoff",10692,5,6432,4255,0,1,0.601852718255825,5,1,0.08,0.398147281744175,1
"PJQM2",10692,5,0,10687,0,1,0,5,1,0.08,1,1
"WithinPerson",10692,5,4404,6283,0,1,0.412089454477402,5,1,0.08,0.587910545522598,1
"WithinSubject",10692,5,5021,5666,0,1,0.469823149621035,5,1,0.08,0.530176850378965,1
"FixedCutoff",7128,0,4482,2646,0,0,0.628787878787879,7,1,0.08,0.371212121212121,1
"PJQM2",7128,0,0,7128,0,0,0,7,1,0.08,1,1
"WithinPerson",7128,0,3556,3572,0,0,0.498877665544332,7,1,0.08,0.501122334455668,1
"WithinSubject",7128,0,4248,2880,0,0,0.595959595959596,7,1,0.08,0.404040404040404,1
"FixedCutoff",1782,0,1229,553,0,0,0.689674523007856,10,1,0.08,0.310325476992144,1
"PJQM2",1782,0,0,1782,0,0,0,10,1,0.08,1,1
"WithinPerson",1782,0,1744,38,0,0,0.978675645342312,10,1,0.08,0.021324354657688,1
"WithinSubject",1782,0,1682,100,0,0,0.943883277216611,10,1,0.08,0.0561167227833895,1
"FixedCutoff",69498,14,34416,35067,1,0.933333333333333,0.495315400889426,2,0.25,0.15,0.504684599110574,0.999971483973993
"PJQM2",69498,4,0,69483,11,0.266666666666667,0,2,0.25,0.15,1,0.999841712953636
"WithinPerson",69498,10,3318,66165,5,0.666666666666667,0.0477526877077846,2,0.25,0.15,0.952247312292215,0.999924437056068
"WithinSubject",69498,10,4355,65128,5,0.666666666666667,0.0626772016176619,2,0.25,0.15,0.937322798382338,0.999923233998127
"FixedCutoff",67716,14,33558,34143,1,0.933333333333333,0.495679532060088,3,0.25,0.15,0.504320467939912,0.999970712277413
"PJQM2",67716,4,0,67701,11,0.266666666666667,0,3,0.25,0.15,1,0.999837547258979
"WithinPerson",67716,10,3318,64383,5,0.666666666666667,0.049009615810697,3,0.25,0.15,0.950990384189303,0.999922345778717
"WithinSubject",67716,10,4355,63346,5,0.666666666666667,0.0643269671053603,3,0.25,0.15,0.93567303289464,0.999921074647598
"FixedCutoff",64152,14,31970,32167,1,0.933333333333333,0.49846422501832,5,0.25,0.15,0.50153577498168,0.99996891320567
"PJQM2",64152,4,0,64137,11,0.266666666666667,0,5,0.25,0.15,1,0.99982852154393
"WithinPerson",64152,10,3318,60819,5,0.666666666666667,0.0517330090275504,5,0.25,0.15,0.94826699097245,0.999917795606997
"WithinSubject",64152,10,4355,59782,5,0.666666666666667,0.0679015233016823,5,0.25,0.15,0.932098476698318,0.999916369779383
"FixedCutoff",60588,14,30158,30415,1,0.933333333333333,0.497878592772357,7,0.25,0.15,0.502121407227643,0.99996712256707
"PJQM2",60588,4,0,60573,11,0.266666666666667,0,7,0.25,0.15,1,0.999818433909943
"WithinPerson",60588,10,3318,57255,5,0.666666666666667,0.0547768807884701,7,0.25,0.15,0.94522311921153,0.999912679008033
"WithinSubject",60588,10,4355,56218,5,0.666666666666667,0.0718967196605748,7,0.25,0.15,0.928103280339425,0.999911068423955
"FixedCutoff",55242,14,27189,28038,1,0.933333333333333,0.492313542289098,10,0.25,0.15,0.507686457710902,0.999964335389993
"PJQM2",55242,4,0,55227,11,0.266666666666667,0,10,0.25,0.15,1,0.999800861725624
"WithinPerson",55242,10,3315,51912,5,0.666666666666667,0.0600249877777174,10,0.25,0.15,0.939975012222283,0.999903692432151
"WithinSubject",55242,10,3637,51590,5,0.666666666666667,0.0658554692451156,10,0.25,0.15,0.934144530754884,0.999903091384824
"FixedCutoff",37422,14,19208,18199,1,0.933333333333333,0.513486780549095,20,0.25,0.15,0.486513219450905,0.999945054945055
"PJQM2",37422,4,0,37407,11,0.266666666666667,0,20,0.25,0.15,1,0.999706023838794
"WithinPerson",37422,10,1538,35869,5,0.666666666666667,0.0411152992755367,20,0.25,0.15,0.958884700724463,0.999860623292635
"WithinSubject",37422,10,2167,35240,5,0.666666666666667,0.0579303338947256,20,0.25,0.15,0.942069666105274,0.999858135905802
"FixedCutoff",19602,0,10215,9387,0,0,0.521120293847567,30,0.25,0.15,0.478879706152433,1
"PJQM2",19602,0,0,19602,0,0,0,30,0.25,0.15,1,1
"WithinPerson",19602,0,0,19602,0,0,0,30,0.25,0.15,1,1
"WithinSubject",19602,0,0,19602,0,0,0,30,0.25,0.15,1,1
"FixedCutoff",33858,8,17309,16539,2,0.8,0.511374379579296,2,0.5,0.15,0.488625620420704,0.999879088325978
"PJQM2",33858,0,0,33848,10,0,0,2,0.5,0.15,1,0.999704648827456
"WithinPerson",33858,0,4276,29572,10,0,0.12632947293784,2,0.5,0.15,0.87367052706216,0.999661956595227
"WithinSubject",33858,0,4634,29214,10,0,0.136906168754432,2,0.5,0.15,0.863093831245568,0.999657815494114
"FixedCutoff",32076,8,16418,15648,2,0.8,0.512006486621344,3,0.5,0.15,0.487993513378657,0.999872204472843
"PJQM2",32076,0,0,32066,10,0,0,3,0.5,0.15,1,0.999688240428981
"WithinPerson",32076,0,4276,27790,10,0,0.133349965695752,3,0.5,0.15,0.866650034304247,0.999640287769784
"WithinSubject",32076,0,4634,27432,10,0,0.144514438969625,3,0.5,0.15,0.855485561030375,0.999635595073245
"FixedCutoff",28512,8,14783,13719,2,0.8,0.518665356817065,5,0.5,0.15,0.481334643182935,0.999854238029298
"PJQM2",28512,0,0,28502,10,0,0,5,0.5,0.15,1,0.999649270482604
"WithinPerson",28512,0,4276,24226,10,0,0.150024559680022,5,0.5,0.15,0.849975440319978,0.999587390658525
"WithinSubject",28512,0,4634,23868,10,0,0.162585081748649,5,0.5,0.15,0.837414918251351,0.999581204455985
"FixedCutoff",24948,8,12880,12058,2,0.8,0.516480872563959,7,0.5,0.15,0.483519127436041,0.99983416252073
"PJQM2",24948,0,0,24938,10,0,0,7,0.5,0.15,1,0.999599166265833
"WithinPerson",24948,0,4276,20662,10,0,0.171465233779774,7,0.5,0.15,0.828534766220226,0.999516253869969
"WithinSubject",24948,0,4634,20304,10,0,0.185820835672468,7,0.5,0.15,0.814179164327532,0.999507728660037
"FixedCutoff",19602,8,9740,9852,2,0.8,0.497141690485913,10,0.5,0.15,0.502858309514087,0.999797036736351
"PJQM2",19602,0,0,19592,10,0,0,10,0.5,0.15,1,0.999489847974696
"WithinPerson",19602,0,2801,16791,10,0,0.142966516945692,10,0.5,0.15,0.857033483054308,0.999404797333492
"WithinSubject",19602,0,3125,16467,10,0,0.159503879134341,10,0.5,0.15,0.84049612086566,0.999393093402925
"FixedCutoff",1782,0,758,1024,0,0,0.425364758698092,20,0.5,0.15,0.574635241301908,1
"PJQM2",1782,0,0,1782,0,0,0,20,0.5,0.15,1,1
"WithinPerson",1782,0,4,1778,0,0,0.00224466891133558,20,0.5,0.15,0.997755331088664,1
"WithinSubject",1782,0,5,1777,0,0,0.00280583613916947,20,0.5,0.15,0.99719416386083,1
"FixedCutoff",16038,5,9588,6445,0,1,0.598016590781513,2,1,0.15,0.401983409218487,1
"PJQM2",16038,0,0,16033,5,0,0,2,1,0.15,1,0.999688240428981
"WithinPerson",16038,5,3422,12611,0,1,0.21343479074409,2,1,0.15,0.78656520925591,1
"WithinSubject",16038,5,5058,10975,0,1,0.315474334185742,2,1,0.15,0.684525665814258,1
"FixedCutoff",14256,5,8663,5588,0,1,0.607887165812925,3,1,0.15,0.392112834187075,1
"PJQM2",14256,0,0,14251,5,0,0,3,1,0.15,1,0.999649270482604
"WithinPerson",14256,5,3422,10829,0,1,0.240123500105256,3,1,0.15,0.759876499894744,1
"WithinSubject",14256,5,5058,9193,0,1,0.354922461581643,3,1,0.15,0.645077538418357,1
"FixedCutoff",10692,5,6903,3784,0,1,0.645924955553476,5,1,0.15,0.354075044446524,1
"PJQM2",10692,0,0,10687,5,0,0,5,1,0.15,1,0.999532360643472
"WithinPerson",10692,5,3422,7265,0,1,0.320202114718817,5,1,0.15,0.679797885281183,1
"WithinSubject",10692,5,5058,5629,0,1,0.473285299897071,5,1,0.15,0.526714700102929,1
"FixedCutoff",7128,0,4841,2287,0,0,0.679152637485971,7,1,0.15,0.320847362514029,1
"PJQM2",7128,0,0,7128,0,0,0,7,1,0.15,1,1
"WithinPerson",7128,0,3422,3706,0,0,0.480078563411897,7,1,0.15,0.519921436588103,1
"WithinSubject",7128,0,4210,2918,0,0,0.590628507295174,7,1,0.15,0.409371492704826,1
"FixedCutoff",1782,0,1379,403,0,0,0.77384960718294,10,1,0.15,0.226150392817059,1
"PJQM2",1782,0,0,1782,0,0,0,10,1,0.15,1,1
"WithinPerson",1782,0,1777,5,0,0,0.99719416386083,10,1,0.15,0.00280583613916947,1
"WithinSubject",1782,0,1744,38,0,0,0.978675645342312,10,1,0.15,0.021324354657688,1
"FixedCutoff",69498,14,34411,35072,1,0.933333333333333,0.495243440841645,2,0.25,0.2,0.504756559158355,0.999971488039232
"PJQM2",69498,0,0,69483,15,0,0,2,0.25,0.2,1,0.999784166450833
"WithinPerson",69498,10,4033,65450,5,0.666666666666667,0.0580429745405351,2,0.25,0.2,0.941957025459465,0.999923611641586
"WithinSubject",69498,10,5336,64147,5,0.666666666666667,0.0767957629923866,2,0.25,0.2,0.923204237007613,0.999922060107245
"FixedCutoff",67716,14,33508,34193,1,0.933333333333333,0.494940990531898,3,0.25,0.2,0.505059009468102,0.999970755103235
"PJQM2",67716,0,0,67701,15,0,0,3,0.25,0.2,1,0.999778486620592
"WithinPerson",67716,10,4033,63668,5,0.666666666666667,0.0595707596638159,3,0.25,0.2,0.940429240336184,0.999921473780095
"WithinSubject",67716,10,5336,62365,5,0.666666666666667,0.0788171518884507,3,0.25,0.2,0.921182848111549,0.999919833253167
"FixedCutoff",64152,14,31901,32236,1,0.933333333333333,0.497388402949935,5,0.25,0.2,0.502611597050065,0.999968979743773
"PJQM2",64152,0,0,64137,15,0,0,5,0.25,0.2,1,0.999766180321736
"WithinPerson",64152,10,4033,60104,5,0.666666666666667,0.0628810203158863,5,0.25,0.2,0.937118979684114,0.999916817781031
"WithinSubject",64152,10,5336,58801,5,0.666666666666667,0.0831969066217628,5,0.25,0.2,0.916803093378237,0.999914974662449
"FixedCutoff",60588,14,30001,30572,1,0.933333333333333,0.495286678883331,7,0.25,0.2,0.504713321116669,0.999967291400909
"PJQM2",60588,0,0,60573,15,0,0,7,0.25,0.2,1,0.999752426223014
"WithinPerson",60588,10,4033,56540,5,0.666666666666667,0.0665808198372212,7,0.25,0.2,0.933419180162779,0.999911574851888
"WithinSubject",60588,10,5336,55237,5,0.666666666666667,0.0880920542155746,7,0.25,0.2,0.911907945784425,0.999909489156801
"FixedCutoff",55242,14,26837,28390,1,0.933333333333333,0.485939848262625,10,0.25,0.2,0.514060151737375,0.999964777570357
"PJQM2",55242,0,0,55227,15,0,0,10,0.25,0.2,1,0.999728467470403
"WithinPerson",55242,10,3315,51912,5,0.666666666666667,0.0600249877777174,10,0.25,0.2,0.939975012222283,0.999903692432151
"WithinSubject",55242,10,3554,51673,5,0.666666666666667,0.0643525811650099,10,0.25,0.2,0.93564741883499,0.999903247029684
"FixedCutoff",37422,14,18969,18438,1,0.933333333333333,0.507097602053092,20,0.25,0.2,0.492902397946908,0.999945767124031
"PJQM2",37422,0,0,37407,15,0,0,20,0.25,0.2,1,0.999599166265833
"WithinPerson",37422,10,1538,35869,5,0.666666666666667,0.0411152992755367,20,0.25,0.2,0.958884700724463,0.999860623292635
"WithinSubject",37422,10,1777,35630,5,0.666666666666667,0.0475044777715401,20,0.25,0.2,0.95249552222846,0.999859688508489
"FixedCutoff",19602,0,10032,9570,0,0,0.511784511784512,30,0.25,0.2,0.488215488215488,1
"PJQM2",19602,0,0,19602,0,0,0,30,0.25,0.2,1,1
"WithinPerson",19602,0,0,19602,0,0,0,30,0.25,0.2,1,1
"WithinSubject",19602,0,0,19602,0,0,0,30,0.25,0.2,1,1
"FixedCutoff",33858,8,17379,16469,2,0.8,0.513442448593713,2,0.5,0.2,0.486557551406287,0.99987857446421
"PJQM2",33858,0,0,33848,10,0,0,2,0.5,0.2,1,0.999704648827456
"WithinPerson",33858,0,4175,29673,10,0,0.123345544788466,2,0.5,0.2,0.876654455211534,0.999663106828825
"WithinSubject",33858,0,5109,28739,10,0,0.150939494209407,2,0.5,0.2,0.849060505790593,0.999652161814324
"FixedCutoff",32076,8,16447,15619,2,0.8,0.512910871327886,3,0.5,0.2,0.487089128672114,0.999871967223609
"PJQM2",32076,0,0,32066,10,0,0,3,0.5,0.2,1,0.999688240428981
"WithinPerson",32076,0,4175,27891,10,0,0.130200212062621,3,0.5,0.2,0.869799787937379,0.999641589907172
"WithinSubject",32076,0,5109,26957,10,0,0.159327636749205,3,0.5,0.2,0.840672363250795,0.999629176400786
"FixedCutoff",28512,8,14794,13708,2,0.8,0.51905129464599,5,0.5,0.2,0.48094870535401,0.999854121079504
"PJQM2",28512,0,0,28502,10,0,0,5,0.5,0.2,1,0.999649270482604
"WithinPerson",28512,0,4175,24327,10,0,0.146480948705354,5,0.5,0.2,0.853519051294646,0.999589103011875
"WithinSubject",28512,0,5109,23393,10,0,0.179250578906743,5,0.5,0.2,0.820749421093257,0.999572704354143
"FixedCutoff",24948,8,12812,12126,2,0.8,0.513754110193279,7,0.5,0.2,0.486245889806721,0.999835092348285
"PJQM2",24948,0,0,24938,10,0,0,7,0.5,0.2,1,0.999599166265833
"WithinPerson",24948,0,4175,20763,10,0,0.167415189670383,7,0.5,0.2,0.832584810329617,0.999518605882636
"WithinSubject",24948,0,5106,19832,10,0,0.204747774480712,7,0.5,0.2,0.795252225519288,0.999496018546517
"FixedCutoff",19602,8,9504,10088,2,0.8,0.485095957533687,10,0.5,0.2,0.514904042466313,0.999801783944499
"PJQM2",19602,0,0,19592,10,0,0,10,0.5,0.2,1,0.999489847974696
"WithinPerson",19602,0,2666,16926,10,0,0.136075949367089,10,0.5,0.2,0.863924050632911,0.99940954180444
"WithinSubject",19602,0,3324,16268,10,0,0.169661086157615,10,0.5,0.2,0.830338913842385,0.999385673915714
"FixedCutoff",1782,0,652,1130,0,0,0.365881032547699,20,0.5,0.2,0.634118967452301,1
"PJQM2",1782,0,0,1782,0,0,0,20,0.5,0.2,1,1
"WithinPerson",1782,0,4,1778,0,0,0.00224466891133558,20,0.5,0.2,0.997755331088664,1
"WithinSubject",1782,0,5,1777,0,0,0.00280583613916947,20,0.5,0.2,0.99719416386083,1
"FixedCutoff",16038,5,9981,6052,0,1,0.622528534896775,2,1,0.2,0.377471465103225,1
"PJQM2",16038,0,0,16033,5,0,0,2,1,0.2,1,0.999688240428981
"WithinPerson",16038,5,3422,12611,0,1,0.21343479074409,2,1,0.2,0.78656520925591,1
"WithinSubject",16038,5,5005,11028,0,1,0.31216865215493,2,1,0.2,0.687831347845069,1
"FixedCutoff",14256,5,9016,5235,0,1,0.63265735737843,3,1,0.2,0.36734264262157,1
"PJQM2",14256,0,0,14251,5,0,0,3,1,0.2,1,0.999649270482604
"WithinPerson",14256,5,3422,10829,0,1,0.240123500105256,3,1,0.2,0.759876499894744,1
"WithinSubject",14256,5,5005,9246,0,1,0.3512034243211,3,1,0.2,0.6487965756789,1
"FixedCutoff",10692,5,7240,3447,0,1,0.677458594554131,5,1,0.2,0.322541405445869,1
"PJQM2",10692,0,0,10687,5,0,0,5,1,0.2,1,0.999532360643472
"WithinPerson",10692,5,3422,7265,0,1,0.320202114718817,5,1,0.2,0.679797885281183,1
"WithinSubject",10692,5,5005,5682,0,1,0.468326003555722,5,1,0.2,0.531673996444278,1
"FixedCutoff",7128,0,5105,2023,0,0,0.716189674523008,7,1,0.2,0.283810325476992,1
"PJQM2",7128,0,0,7128,0,0,0,7,1,0.2,1,1
"WithinPerson",7128,0,3422,3706,0,0,0.480078563411897,7,1,0.2,0.519921436588103,1
"WithinSubject",7128,0,3559,3569,0,0,0.499298540965208,7,1,0.2,0.500701459034792,1
"FixedCutoff",1782,0,1479,303,0,0,0.82996632996633,10,1,0.2,0.17003367003367,1
"PJQM2",1782,0,0,1782,0,0,0,10,1,0.2,1,1
"WithinPerson",1782,0,1777,5,0,0,0.99719416386083,10,1,0.2,0.00280583613916947,1
"WithinSubject",1782,0,1777,5,0,0,0.99719416386083,10,1,0.2,0.00280583613916947,1
