"model","Total_Visits","Total_TP","Total_FP","Total_TN","Total_FN","TPR_Sensitivity","FPR_False_Alarm","baseline_length","sampling_freq","assay_noise"
"FixedCutoff",69498,14,34795,34688,1,0.933333333333333,0.500769972511262,2,0.25,0.02
"PJQM2",69498,10,0,69483,5,0.666666666666667,0,2,0.25,0.02
"WithinPerson",69498,10,28381,41102,5,0.666666666666667,0.40845962321719,2,0.25,0.02
"WithinSubject",69498,10,3924,65559,5,0.666666666666667,0.056474245498899,2,0.25,0.02
"FixedCutoff",67716,14,34025,33676,1,0.933333333333333,0.502577509933384,3,0.25,0.02
"PJQM2",67716,10,0,67701,5,0.666666666666667,0,3,0.25,0.02
"WithinPerson",67716,10,28381,39320,5,0.666666666666667,0.419210942231282,3,0.25,0.02
"WithinSubject",67716,10,3924,63777,5,0.666666666666667,0.0579607391323614,3,0.25,0.02
"FixedCutoff",64152,14,32475,31662,1,0.933333333333333,0.506337995228963,5,0.25,0.02
"PJQM2",64152,10,0,64137,5,0.666666666666667,0,5,0.25,0.02
"WithinPerson",64152,10,28381,35756,5,0.666666666666667,0.442505885838128,5,0.25,0.02
"WithinSubject",64152,10,3924,60213,5,0.666666666666667,0.0611815332803218,5,0.25,0.02
"FixedCutoff",60588,14,30876,29697,1,0.933333333333333,0.509732058838096,7,0.25,0.02
"PJQM2",60588,10,0,60573,5,0.666666666666667,0,7,0.25,0.02
"WithinPerson",60588,10,27661,32912,5,0.666666666666667,0.456655605632873,7,0.25,0.02
"WithinSubject",60588,10,3924,56649,5,0.666666666666667,0.064781338219999,7,0.25,0.02
"FixedCutoff",55242,14,28398,26829,1,0.933333333333333,0.514205008419795,10,0.25,0.02
"PJQM2",55242,10,0,55227,5,0.666666666666667,0,10,0.25,0.02
"WithinPerson",55242,10,25470,29757,5,0.666666666666667,0.461187462654137,10,0.25,0.02
"WithinSubject",55242,10,3924,51303,5,0.666666666666667,0.071052202726927,10,0.25,0.02
"FixedCutoff",37422,14,20057,17350,1,0.933333333333333,0.536183067340337,20,0.25,0.02
"PJQM2",37422,10,0,37407,5,0.666666666666667,0,20,0.25,0.02
"WithinPerson",37422,10,22453,14954,5,0.666666666666667,0.600235250086882,20,0.25,0.02
"WithinSubject",37422,10,3924,33483,5,0.666666666666667,0.104900152377897,20,0.25,0.02
"FixedCutoff",19602,0,10869,8733,0,0,0.554484236302418,30,0.25,0.02
"PJQM2",19602,0,0,19602,0,0,0,30,0.25,0.02
"WithinPerson",19602,0,12105,7497,0,0,0.617539026629936,30,0.25,0.02
"WithinSubject",19602,0,3924,15678,0,0,0.200183654729109,30,0.25,0.02
"FixedCutoff",33858,8,17181,16667,2,0.8,0.507592767667218,2,0.5,0.02
"PJQM2",33858,5,208,33640,5,0.5,0.00614511935712597,2,0.5,0.02
"WithinPerson",33858,5,7543,26305,5,0.5,0.222849208225006,2,0.5,0.02
"WithinSubject",33858,5,1957,31891,5,0.5,0.0578173008744978,2,0.5,0.02
"FixedCutoff",32076,8,16385,15681,2,0.8,0.510977359196657,3,0.5,0.02
"PJQM2",32076,5,208,31858,5,0.5,0.00648662134347907,3,0.5,0.02
"WithinPerson",32076,5,7543,24523,5,0.5,0.235233580739724,3,0.5,0.02
"WithinSubject",32076,5,1957,30109,5,0.5,0.061030374851868,3,0.5,0.02
"FixedCutoff",28512,8,14785,13717,2,0.8,0.518735527331415,5,0.5,0.02
"PJQM2",28512,5,208,28294,5,0.5,0.0072977334923865,5,0.5,0.02
"WithinPerson",28512,5,7543,20959,5,0.5,0.264648094870535,5,0.5,0.02
"WithinSubject",28512,5,1957,26545,5,0.5,0.068661848291348,5,0.5,0.02
"FixedCutoff",24948,8,13113,11825,2,0.8,0.525824043628198,7,0.5,0.02
"PJQM2",24948,5,208,24730,5,0.5,0.0083406848985484,7,0.5,0.02
"WithinPerson",24948,5,6807,18131,5,0.5,0.272956933194322,7,0.5,0.02
"WithinSubject",24948,5,1957,22981,5,0.5,0.0784746170502847,7,0.5,0.02
"FixedCutoff",19602,8,10482,9110,2,0.8,0.53501429154757,10,0.5,0.02
"PJQM2",19602,5,208,19384,5,0.5,0.0106165781951817,10,0.5,0.02
"WithinPerson",19602,5,5240,14352,5,0.5,0.267456104532462,10,0.5,0.02
"WithinSubject",19602,5,1957,17635,5,0.5,0.0998877092690894,10,0.5,0.02
"FixedCutoff",1782,0,1004,778,0,0,0.56341189674523,20,0.5,0.02
"PJQM2",1782,0,0,1782,0,0,0,20,0.5,0.02
"WithinPerson",1782,0,5,1777,0,0,0.00280583613916947,20,0.5,0.02
"WithinSubject",1782,0,424,1358,0,0,0.237934904601571,20,0.5,0.02
"FixedCutoff",16038,5,8514,7519,0,1,0.531029751138277,2,1,0.02
"PJQM2",16038,5,0,16033,0,1,0,2,1,0.02
"WithinPerson",16038,5,6224,9809,0,1,0.388199338863594,2,1,0.02
"WithinSubject",16038,5,3258,12775,0,1,0.203205887856296,2,1,0.02
"FixedCutoff",14256,5,7686,6565,0,1,0.539330573293102,3,1,0.02
"PJQM2",14256,5,0,14251,0,1,0,3,1,0.02
"WithinPerson",14256,5,6224,8027,0,1,0.436741281313592,3,1,0.02
"WithinSubject",14256,5,3258,10993,0,1,0.228615535751877,3,1,0.02
"FixedCutoff",10692,5,5982,4705,0,1,0.559745485168897,5,1,0.02
"PJQM2",10692,5,0,10687,0,1,0,5,1,0.02
"WithinPerson",10692,5,6219,4468,0,1,0.581921961261346,5,1,0.02
"WithinSubject",10692,5,3258,7429,0,1,0.304856367549359,5,1,0.02
"FixedCutoff",7128,0,4117,3011,0,0,0.577581369248036,7,1,0.02
"PJQM2",7128,0,0,7128,0,0,0,7,1,0.02
"WithinPerson",7128,0,4641,2487,0,0,0.651094276094276,7,1,0.02
"WithinSubject",7128,0,3258,3870,0,0,0.457070707070707,7,1,0.02
"FixedCutoff",1782,0,1092,690,0,0,0.612794612794613,10,1,0.02
"PJQM2",1782,0,0,1782,0,0,0,10,1,0.02
"WithinPerson",1782,0,1744,38,0,0,0.978675645342312,10,1,0.02
"WithinSubject",1782,0,1504,278,0,0,0.843995510662177,10,1,0.02
"FixedCutoff",69498,14,34659,34824,1,0.933333333333333,0.498812659211606,2,0.25,0.05
"PJQM2",69498,10,0,69483,5,0.666666666666667,0,2,0.25,0.05
"WithinPerson",69498,10,14214,55269,5,0.666666666666667,0.204568023833168,2,0.25,0.05
"WithinSubject",69498,10,3933,65550,5,0.666666666666667,0.0566037735849057,2,0.25,0.05
"FixedCutoff",67716,14,33863,33838,1,0.933333333333333,0.500184635382047,3,0.25,0.05
"PJQM2",67716,10,0,67701,5,0.666666666666667,0,3,0.25,0.05
"WithinPerson",67716,10,14214,53487,5,0.666666666666667,0.20995258563389,3,0.25,0.05
"WithinSubject",67716,10,3933,63768,5,0.666666666666667,0.0580936766074356,3,0.25,0.05
"FixedCutoff",64152,14,32304,31833,1,0.933333333333333,0.50367182749427,5,0.25,0.05
"PJQM2",64152,10,0,64137,5,0.666666666666667,0,5,0.25,0.05
"WithinPerson",64152,10,14214,49923,5,0.666666666666667,0.221619346087282,5,0.25,0.05
"WithinSubject",64152,10,3933,60204,5,0.666666666666667,0.0613218578979372,5,0.25,0.05
"FixedCutoff",60588,14,30658,29915,1,0.933333333333333,0.506133095603652,7,0.25,0.05
"PJQM2",60588,10,0,60573,5,0.666666666666667,0,7,0.25,0.05
"WithinPerson",60588,10,14214,46359,5,0.666666666666667,0.234659006488039,7,0.25,0.05
"WithinSubject",60588,10,3933,56640,5,0.666666666666667,0.0649299192709623,7,0.25,0.05
"FixedCutoff",55242,14,28077,27150,1,0.933333333333333,0.508392634037699,10,0.25,0.05
"PJQM2",55242,10,0,55227,5,0.666666666666667,0,10,0.25,0.05
"WithinPerson",55242,10,13494,41733,5,0.666666666666667,0.24433700907165,10,0.25,0.05
"WithinSubject",55242,10,3933,51294,5,0.666666666666667,0.0712151664946494,10,0.25,0.05
"FixedCutoff",37422,14,19817,17590,1,0.933333333333333,0.529767155879916,20,0.25,0.05
"PJQM2",37422,10,0,37407,5,0.666666666666667,0,20,0.25,0.05
"WithinPerson",37422,10,10549,26858,5,0.666666666666667,0.282006041649959,20,0.25,0.05
"WithinSubject",37422,10,3933,33474,5,0.666666666666667,0.105140749057663,20,0.25,0.05
"FixedCutoff",19602,0,10702,8900,0,0,0.545964697479849,30,0.25,0.05
"PJQM2",19602,0,0,19602,0,0,0,30,0.25,0.05
"WithinPerson",19602,0,6530,13072,0,0,0.333129272523212,30,0.25,0.05
"WithinSubject",19602,0,3117,16485,0,0,0.159014386287114,30,0.25,0.05
"FixedCutoff",33858,8,17206,16642,2,0.8,0.508331363743796,2,0.5,0.05
"PJQM2",33858,4,0,33848,6,0.4,0,2,0.5,0.05
"WithinPerson",33858,5,4745,29103,5,0.5,0.140185535334436,2,0.5,0.05
"WithinSubject",33858,5,2362,31486,5,0.5,0.0697825573150555,2,0.5,0.05
"FixedCutoff",32076,8,16384,15682,2,0.8,0.510946173517121,3,0.5,0.05
"PJQM2",32076,4,0,32066,6,0.4,0,3,0.5,0.05
"WithinPerson",32076,5,4745,27321,5,0.5,0.147976049398116,3,0.5,0.05
"WithinSubject",32076,5,2362,29704,5,0.5,0.0736605750639306,3,0.5,0.05
"FixedCutoff",28512,8,14769,13733,2,0.8,0.518174163216616,5,0.5,0.05
"PJQM2",28512,4,0,28502,6,0.4,0,5,0.5,0.05
"WithinPerson",28512,5,4745,23757,5,0.5,0.166479545295067,5,0.5,0.05
"WithinSubject",28512,5,2362,26140,5,0.5,0.0828713774471967,5,0.5,0.05
"FixedCutoff",24948,8,13044,11894,2,0.8,0.523057181810891,7,0.5,0.05
"PJQM2",24948,4,0,24938,6,0.4,0,7,0.5,0.05
"WithinPerson",24948,5,4742,20196,5,0.5,0.190151575908252,7,0.5,0.05
"WithinSubject",24948,5,2362,22576,5,0.5,0.0947148929344775,7,0.5,0.05
"FixedCutoff",19602,8,10279,9313,2,0.8,0.524652919559004,10,0.5,0.05
"PJQM2",19602,4,0,19592,6,0.4,0,10,0.5,0.05
"WithinPerson",19602,5,3233,16359,5,0.5,0.165016333197223,10,0.5,0.05
"WithinSubject",19602,5,2361,17231,5,0.5,0.120508370763577,10,0.5,0.05
"FixedCutoff",1782,0,943,839,0,0,0.529180695847362,20,0.5,0.05
"PJQM2",1782,0,0,1782,0,0,0,20,0.5,0.05
"WithinPerson",1782,0,5,1777,0,0,0.00280583613916947,20,0.5,0.05
"WithinSubject",1782,0,5,1777,0,0,0.00280583613916947,20,0.5,0.05
"FixedCutoff",16038,5,8746,7287,0,1,0.545499906442961,2,1,0.05
"PJQM2",16038,5,0,16033,0,1,0,2,1,0.05
"WithinPerson",16038,5,6084,9949,0,1,0.379467348593526,2,1,0.05
"WithinSubject",16038,5,4464,11569,0,1,0.278425746897025,2,1,0.05
"FixedCutoff",14256,5,7899,6352,0,1,0.554276892849625,3,1,0.05
"PJQM2",14256,5,0,14251,0,1,0,3,1,0.05
"WithinPerson",14256,5,6084,8167,0,1,0.42691740930461,3,1,0.05
"WithinSubject",14256,5,4464,9787,0,1,0.31324117605782,3,1,0.05
"FixedCutoff",10692,5,6189,4498,0,1,0.579114812388884,5,1,0.05
"PJQM2",10692,5,0,10687,0,1,0,5,1,0.05
"WithinPerson",10692,5,6084,4603,0,1,0.569289791335267,5,1,0.05
"WithinSubject",10692,5,4464,6223,0,1,0.417703752222326,5,1,0.05
"FixedCutoff",7128,0,4289,2839,0,0,0.601711560044893,7,1,0.05
"PJQM2",7128,0,0,7128,0,0,0,7,1,0.05
"WithinPerson",7128,0,4580,2548,0,0,0.642536475869809,7,1,0.05
"WithinSubject",7128,0,4074,3054,0,0,0.571548821548822,7,1,0.05
"FixedCutoff",1782,0,1169,613,0,0,0.656004489337823,10,1,0.05
"PJQM2",1782,0,0,1782,0,0,0,10,1,0.05
"WithinPerson",1782,0,1744,38,0,0,0.978675645342312,10,1,0.05
"WithinSubject",1782,0,1617,165,0,0,0.907407407407407,10,1,0.05
"FixedCutoff",69498,14,34591,34892,1,0.933333333333333,0.497834002561778,2,0.25,0.08
"PJQM2",69498,10,0,69483,5,0.666666666666667,0,2,0.25,0.08
"WithinPerson",69498,10,6439,63044,5,0.666666666666667,0.0926701495329793,2,0.25,0.08
"WithinSubject",69498,10,2701,66782,5,0.666666666666667,0.038872817811551,2,0.25,0.08
"FixedCutoff",67716,14,33774,33927,1,0.933333333333333,0.498870031461869,3,0.25,0.08
"PJQM2",67716,10,0,67701,5,0.666666666666667,0,3,0.25,0.08
"WithinPerson",67716,10,6439,61262,5,0.666666666666667,0.095109378000325,3,0.25,0.08
"WithinSubject",67716,10,2701,65000,5,0.666666666666667,0.0398960133528308,3,0.25,0.08
"FixedCutoff",64152,14,32204,31933,1,0.933333333333333,0.502112665076321,5,0.25,0.08
"PJQM2",64152,10,0,64137,5,0.666666666666667,0,5,0.25,0.08
"WithinPerson",64152,10,6439,57698,5,0.666666666666667,0.100394468091741,5,0.25,0.08
"WithinSubject",64152,10,2701,61436,5,0.666666666666667,0.0421129769088046,5,0.25,0.08
"FixedCutoff",60588,14,30501,30072,1,0.933333333333333,0.503541181714625,7,0.25,0.08
"PJQM2",60588,10,0,60573,5,0.666666666666667,0,7,0.25,0.08
"WithinPerson",60588,10,6439,54134,5,0.666666666666667,0.10630148746141,7,0.25,0.08
"WithinSubject",60588,10,2701,57872,5,0.666666666666667,0.0445908242946527,7,0.25,0.08
"FixedCutoff",55242,14,27784,27443,1,0.933333333333333,0.503087258044073,10,0.25,0.08
"PJQM2",55242,10,0,55227,5,0.666666666666667,0,10,0.25,0.08
"WithinPerson",55242,10,6076,49151,5,0.666666666666667,0.110018650297862,10,0.25,0.08
"WithinSubject",55242,10,2701,52526,5,0.666666666666667,0.0489072374019954,10,0.25,0.08
"FixedCutoff",37422,14,19639,17768,1,0.933333333333333,0.525008688213436,20,0.25,0.08
"PJQM2",37422,10,0,37407,5,0.666666666666667,0,20,0.25,0.08
"WithinPerson",37422,10,3830,33577,5,0.666666666666667,0.102387253722565,20,0.25,0.08
"WithinSubject",37422,10,2701,34706,5,0.666666666666667,0.0722057368941642,20,0.25,0.08
"FixedCutoff",19602,0,10559,9043,0,0,0.538669523518008,30,0.25,0.08
"PJQM2",19602,0,0,19602,0,0,0,30,0.25,0.08
"WithinPerson",19602,0,1444,18158,0,0,0.0736659524538312,30,0.25,0.08
"WithinSubject",19602,0,777,18825,0,0,0.0396388123660851,30,0.25,0.08
"FixedCutoff",33858,8,17253,16595,2,0.8,0.509719924367762,2,0.5,0.08
"PJQM2",33858,0,0,33848,10,0,0,2,0.5,0.08
"WithinPerson",33858,5,4713,29135,5,0.5,0.139240132356417,2,0.5,0.08
"WithinSubject",33858,4,3770,30078,6,0.4,0.111380288347908,2,0.5,0.08
"FixedCutoff",32076,8,16414,15652,2,0.8,0.5118817439032,3,0.5,0.08
"PJQM2",32076,0,0,32066,10,0,0,3,0.5,0.08
"WithinPerson",32076,5,4713,27353,5,0.5,0.146978107652966,3,0.5,0.08
"WithinSubject",32076,4,3770,28296,6,0.4,0.117570011850558,3,0.5,0.08
"FixedCutoff",28512,8,14793,13709,2,0.8,0.519016209388815,5,0.5,0.08
"PJQM2",28512,0,0,28502,10,0,0,5,0.5,0.08
"WithinPerson",28512,5,4713,23789,5,0.5,0.165356817065469,5,0.5,0.08
"WithinSubject",28512,4,3770,24732,6,0.4,0.132271419549505,5,0.5,0.08
"FixedCutoff",24948,8,13009,11929,2,0.8,0.521653701178924,7,0.5,0.08
"PJQM2",24948,0,0,24938,10,0,0,7,0.5,0.08
"WithinPerson",24948,5,4713,20225,5,0.5,0.188988691956051,7,0.5,0.08
"WithinSubject",24948,4,3770,21168,6,0.4,0.15117491378619,7,0.5,0.08
"FixedCutoff",19602,8,10155,9437,2,0.8,0.518323805634953,10,0.5,0.08
"PJQM2",19602,0,0,19592,10,0,0,10,0.5,0.08
"WithinPerson",19602,5,3204,16388,5,0.5,0.163536137198857,10,0.5,0.08
"WithinSubject",19602,4,3051,16541,6,0.4,0.155726827276439,10,0.5,0.08
"FixedCutoff",1782,0,884,898,0,0,0.496071829405163,20,0.5,0.08
"PJQM2",1782,0,0,1782,0,0,0,20,0.5,0.08
"WithinPerson",1782,0,5,1777,0,0,0.00280583613916947,20,0.5,0.08
"WithinSubject",1782,0,5,1777,0,0,0.00280583613916947,20,0.5,0.08
"FixedCutoff",16038,5,9015,7018,0,1,0.562277802033306,2,1,0.08
"PJQM2",16038,5,0,16033,0,1,0,2,1,0.08
"WithinPerson",16038,5,4404,11629,0,1,0.27468346535271,2,1,0.08
"WithinSubject",16038,5,5021,11012,0,1,0.313166593900081,2,1,0.08
"FixedCutoff",14256,5,8150,6101,0,1,0.571889691951442,3,1,0.08
"PJQM2",14256,5,0,14251,0,1,0,3,1,0.08
"WithinPerson",14256,5,4404,9847,0,1,0.309030945196828,3,1,0.08
"WithinSubject",14256,5,5021,9230,0,1,0.352326152550698,3,1,0.08
"FixedCutoff",10692,5,6432,4255,0,1,0.601852718255825,5,1,0.08
"PJQM2",10692,5,0,10687,0,1,0,5,1,0.08
"WithinPerson",10692,5,4404,6283,0,1,0.412089454477402,5,1,0.08
"WithinSubject",10692,5,5021,5666,0,1,0.469823149621035,5,1,0.08
"FixedCutoff",7128,0,4482,2646,0,0,0.628787878787879,7,1,0.08
"PJQM2",7128,0,0,7128,0,0,0,7,1,0.08
"WithinPerson",7128,0,3556,3572,0,0,0.498877665544332,7,1,0.08
"WithinSubject",7128,0,4248,2880,0,0,0.595959595959596,7,1,0.08
"FixedCutoff",1782,0,1229,553,0,0,0.689674523007856,10,1,0.08
"PJQM2",1782,0,0,1782,0,0,0,10,1,0.08
"WithinPerson",1782,0,1744,38,0,0,0.978675645342312,10,1,0.08
"WithinSubject",1782,0,1682,100,0,0,0.943883277216611,10,1,0.08
"FixedCutoff",69498,14,34416,35067,1,0.933333333333333,0.495315400889426,2,0.25,0.15
"PJQM2",69498,4,0,69483,11,0.266666666666667,0,2,0.25,0.15
"WithinPerson",69498,10,3318,66165,5,0.666666666666667,0.0477526877077846,2,0.25,0.15
"WithinSubject",69498,10,4355,65128,5,0.666666666666667,0.0626772016176619,2,0.25,0.15
"FixedCutoff",67716,14,33558,34143,1,0.933333333333333,0.495679532060088,3,0.25,0.15
"PJQM2",67716,4,0,67701,11,0.266666666666667,0,3,0.25,0.15
"WithinPerson",67716,10,3318,64383,5,0.666666666666667,0.049009615810697,3,0.25,0.15
"WithinSubject",67716,10,4355,63346,5,0.666666666666667,0.0643269671053603,3,0.25,0.15
"FixedCutoff",64152,14,31970,32167,1,0.933333333333333,0.49846422501832,5,0.25,0.15
"PJQM2",64152,4,0,64137,11,0.266666666666667,0,5,0.25,0.15
"WithinPerson",64152,10,3318,60819,5,0.666666666666667,0.0517330090275504,5,0.25,0.15
"WithinSubject",64152,10,4355,59782,5,0.666666666666667,0.0679015233016823,5,0.25,0.15
"FixedCutoff",60588,14,30158,30415,1,0.933333333333333,0.497878592772357,7,0.25,0.15
"PJQM2",60588,4,0,60573,11,0.266666666666667,0,7,0.25,0.15
"WithinPerson",60588,10,3318,57255,5,0.666666666666667,0.0547768807884701,7,0.25,0.15
"WithinSubject",60588,10,4355,56218,5,0.666666666666667,0.0718967196605748,7,0.25,0.15
"FixedCutoff",55242,14,27189,28038,1,0.933333333333333,0.492313542289098,10,0.25,0.15
"PJQM2",55242,4,0,55227,11,0.266666666666667,0,10,0.25,0.15
"WithinPerson",55242,10,3315,51912,5,0.666666666666667,0.0600249877777174,10,0.25,0.15
"WithinSubject",55242,10,3637,51590,5,0.666666666666667,0.0658554692451156,10,0.25,0.15
"FixedCutoff",37422,14,19208,18199,1,0.933333333333333,0.513486780549095,20,0.25,0.15
"PJQM2",37422,4,0,37407,11,0.266666666666667,0,20,0.25,0.15
"WithinPerson",37422,10,1538,35869,5,0.666666666666667,0.0411152992755367,20,0.25,0.15
"WithinSubject",37422,10,2167,35240,5,0.666666666666667,0.0579303338947256,20,0.25,0.15
"FixedCutoff",19602,0,10215,9387,0,0,0.521120293847567,30,0.25,0.15
"PJQM2",19602,0,0,19602,0,0,0,30,0.25,0.15
"WithinPerson",19602,0,0,19602,0,0,0,30,0.25,0.15
"WithinSubject",19602,0,0,19602,0,0,0,30,0.25,0.15
"FixedCutoff",33858,8,17309,16539,2,0.8,0.511374379579296,2,0.5,0.15
"PJQM2",33858,0,0,33848,10,0,0,2,0.5,0.15
"WithinPerson",33858,0,4276,29572,10,0,0.12632947293784,2,0.5,0.15
"WithinSubject",33858,0,4634,29214,10,0,0.136906168754432,2,0.5,0.15
"FixedCutoff",32076,8,16418,15648,2,0.8,0.512006486621344,3,0.5,0.15
"PJQM2",32076,0,0,32066,10,0,0,3,0.5,0.15
"WithinPerson",32076,0,4276,27790,10,0,0.133349965695752,3,0.5,0.15
"WithinSubject",32076,0,4634,27432,10,0,0.144514438969625,3,0.5,0.15
"FixedCutoff",28512,8,14783,13719,2,0.8,0.518665356817065,5,0.5,0.15
"PJQM2",28512,0,0,28502,10,0,0,5,0.5,0.15
"WithinPerson",28512,0,4276,24226,10,0,0.150024559680022,5,0.5,0.15
"WithinSubject",28512,0,4634,23868,10,0,0.162585081748649,5,0.5,0.15
"FixedCutoff",24948,8,12880,12058,2,0.8,0.516480872563959,7,0.5,0.15
"PJQM2",24948,0,0,24938,10,0,0,7,0.5,0.15
"WithinPerson",24948,0,4276,20662,10,0,0.171465233779774,7,0.5,0.15
"WithinSubject",24948,0,4634,20304,10,0,0.185820835672468,7,0.5,0.15
"FixedCutoff",19602,8,9740,9852,2,0.8,0.497141690485913,10,0.5,0.15
"PJQM2",19602,0,0,19592,10,0,0,10,0.5,0.15
"WithinPerson",19602,0,2801,16791,10,0,0.142966516945692,10,0.5,0.15
"WithinSubject",19602,0,3125,16467,10,0,0.159503879134341,10,0.5,0.15
"FixedCutoff",1782,0,758,1024,0,0,0.425364758698092,20,0.5,0.15
"PJQM2",1782,0,0,1782,0,0,0,20,0.5,0.15
"WithinPerson",1782,0,4,1778,0,0,0.00224466891133558,20,0.5,0.15
"WithinSubject",1782,0,5,1777,0,0,0.00280583613916947,20,0.5,0.15
"FixedCutoff",16038,5,9588,6445,0,1,0.598016590781513,2,1,0.15
"PJQM2",16038,0,0,16033,5,0,0,2,1,0.15
"WithinPerson",16038,5,3422,12611,0,1,0.21343479074409,2,1,0.15
"WithinSubject",16038,5,5058,10975,0,1,0.315474334185742,2,1,0.15
"FixedCutoff",14256,5,8663,5588,0,1,0.607887165812925,3,1,0.15
"PJQM2",14256,0,0,14251,5,0,0,3,1,0.15
"WithinPerson",14256,5,3422,10829,0,1,0.240123500105256,3,1,0.15
"WithinSubject",14256,5,5058,9193,0,1,0.354922461581643,3,1,0.15
"FixedCutoff",10692,5,6903,3784,0,1,0.645924955553476,5,1,0.15
"PJQM2",10692,0,0,10687,5,0,0,5,1,0.15
"WithinPerson",10692,5,3422,7265,0,1,0.320202114718817,5,1,0.15
"WithinSubject",10692,5,5058,5629,0,1,0.473285299897071,5,1,0.15
"FixedCutoff",7128,0,4841,2287,0,0,0.679152637485971,7,1,0.15
"PJQM2",7128,0,0,7128,0,0,0,7,1,0.15
"WithinPerson",7128,0,3422,3706,0,0,0.480078563411897,7,1,0.15
"WithinSubject",7128,0,4210,2918,0,0,0.590628507295174,7,1,0.15
"FixedCutoff",1782,0,1379,403,0,0,0.77384960718294,10,1,0.15
"PJQM2",1782,0,0,1782,0,0,0,10,1,0.15
"WithinPerson",1782,0,1777,5,0,0,0.99719416386083,10,1,0.15
"WithinSubject",1782,0,1744,38,0,0,0.978675645342312,10,1,0.15
"FixedCutoff",69498,14,34411,35072,1,0.933333333333333,0.495243440841645,2,0.25,0.2
"PJQM2",69498,0,0,69483,15,0,0,2,0.25,0.2
"WithinPerson",69498,10,4033,65450,5,0.666666666666667,0.0580429745405351,2,0.25,0.2
"WithinSubject",69498,10,5336,64147,5,0.666666666666667,0.0767957629923866,2,0.25,0.2
"FixedCutoff",67716,14,33508,34193,1,0.933333333333333,0.494940990531898,3,0.25,0.2
"PJQM2",67716,0,0,67701,15,0,0,3,0.25,0.2
"WithinPerson",67716,10,4033,63668,5,0.666666666666667,0.0595707596638159,3,0.25,0.2
"WithinSubject",67716,10,5336,62365,5,0.666666666666667,0.0788171518884507,3,0.25,0.2
"FixedCutoff",64152,14,31901,32236,1,0.933333333333333,0.497388402949935,5,0.25,0.2
"PJQM2",64152,0,0,64137,15,0,0,5,0.25,0.2
"WithinPerson",64152,10,4033,60104,5,0.666666666666667,0.0628810203158863,5,0.25,0.2
"WithinSubject",64152,10,5336,58801,5,0.666666666666667,0.0831969066217628,5,0.25,0.2
"FixedCutoff",60588,14,30001,30572,1,0.933333333333333,0.495286678883331,7,0.25,0.2
"PJQM2",60588,0,0,60573,15,0,0,7,0.25,0.2
"WithinPerson",60588,10,4033,56540,5,0.666666666666667,0.0665808198372212,7,0.25,0.2
"WithinSubject",60588,10,5336,55237,5,0.666666666666667,0.0880920542155746,7,0.25,0.2
"FixedCutoff",55242,14,26837,28390,1,0.933333333333333,0.485939848262625,10,0.25,0.2
"PJQM2",55242,0,0,55227,15,0,0,10,0.25,0.2
"WithinPerson",55242,10,3315,51912,5,0.666666666666667,0.0600249877777174,10,0.25,0.2
"WithinSubject",55242,10,3554,51673,5,0.666666666666667,0.0643525811650099,10,0.25,0.2
"FixedCutoff",37422,14,18969,18438,1,0.933333333333333,0.507097602053092,20,0.25,0.2
"PJQM2",37422,0,0,37407,15,0,0,20,0.25,0.2
"WithinPerson",37422,10,1538,35869,5,0.666666666666667,0.0411152992755367,20,0.25,0.2
"WithinSubject",37422,10,1777,35630,5,0.666666666666667,0.0475044777715401,20,0.25,0.2
"FixedCutoff",19602,0,10032,9570,0,0,0.511784511784512,30,0.25,0.2
"PJQM2",19602,0,0,19602,0,0,0,30,0.25,0.2
"WithinPerson",19602,0,0,19602,0,0,0,30,0.25,0.2
"WithinSubject",19602,0,0,19602,0,0,0,30,0.25,0.2
"FixedCutoff",33858,8,17379,16469,2,0.8,0.513442448593713,2,0.5,0.2
"PJQM2",33858,0,0,33848,10,0,0,2,0.5,0.2
"WithinPerson",33858,0,4175,29673,10,0,0.123345544788466,2,0.5,0.2
"WithinSubject",33858,0,5109,28739,10,0,0.150939494209407,2,0.5,0.2
"FixedCutoff",32076,8,16447,15619,2,0.8,0.512910871327886,3,0.5,0.2
"PJQM2",32076,0,0,32066,10,0,0,3,0.5,0.2
"WithinPerson",32076,0,4175,27891,10,0,0.130200212062621,3,0.5,0.2
"WithinSubject",32076,0,5109,26957,10,0,0.159327636749205,3,0.5,0.2
"FixedCutoff",28512,8,14794,13708,2,0.8,0.51905129464599,5,0.5,0.2
"PJQM2",28512,0,0,28502,10,0,0,5,0.5,0.2
"WithinPerson",28512,0,4175,24327,10,0,0.146480948705354,5,0.5,0.2
"WithinSubject",28512,0,5109,23393,10,0,0.179250578906743,5,0.5,0.2
"FixedCutoff",24948,8,12812,12126,2,0.8,0.513754110193279,7,0.5,0.2
"PJQM2",24948,0,0,24938,10,0,0,7,0.5,0.2
"WithinPerson",24948,0,4175,20763,10,0,0.167415189670383,7,0.5,0.2
"WithinSubject",24948,0,5106,19832,10,0,0.204747774480712,7,0.5,0.2
"FixedCutoff",19602,8,9504,10088,2,0.8,0.485095957533687,10,0.5,0.2
"PJQM2",19602,0,0,19592,10,0,0,10,0.5,0.2
"WithinPerson",19602,0,2666,16926,10,0,0.136075949367089,10,0.5,0.2
"WithinSubject",19602,0,3324,16268,10,0,0.169661086157615,10,0.5,0.2
"FixedCutoff",1782,0,652,1130,0,0,0.365881032547699,20,0.5,0.2
"PJQM2",1782,0,0,1782,0,0,0,20,0.5,0.2
"WithinPerson",1782,0,4,1778,0,0,0.00224466891133558,20,0.5,0.2
"WithinSubject",1782,0,5,1777,0,0,0.00280583613916947,20,0.5,0.2
"FixedCutoff",16038,5,9981,6052,0,1,0.622528534896775,2,1,0.2
"PJQM2",16038,0,0,16033,5,0,0,2,1,0.2
"WithinPerson",16038,5,3422,12611,0,1,0.21343479074409,2,1,0.2
"WithinSubject",16038,5,5005,11028,0,1,0.31216865215493,2,1,0.2
"FixedCutoff",14256,5,9016,5235,0,1,0.63265735737843,3,1,0.2
"PJQM2",14256,0,0,14251,5,0,0,3,1,0.2
"WithinPerson",14256,5,3422,10829,0,1,0.240123500105256,3,1,0.2
"WithinSubject",14256,5,5005,9246,0,1,0.3512034243211,3,1,0.2
"FixedCutoff",10692,5,7240,3447,0,1,0.677458594554131,5,1,0.2
"PJQM2",10692,0,0,10687,5,0,0,5,1,0.2
"WithinPerson",10692,5,3422,7265,0,1,0.320202114718817,5,1,0.2
"WithinSubject",10692,5,5005,5682,0,1,0.468326003555722,5,1,0.2
"FixedCutoff",7128,0,5105,2023,0,0,0.716189674523008,7,1,0.2
"PJQM2",7128,0,0,7128,0,0,0,7,1,0.2
"WithinPerson",7128,0,3422,3706,0,0,0.480078563411897,7,1,0.2
"WithinSubject",7128,0,3559,3569,0,0,0.499298540965208,7,1,0.2
"FixedCutoff",1782,0,1479,303,0,0,0.82996632996633,10,1,0.2
"PJQM2",1782,0,0,1782,0,0,0,10,1,0.2
"WithinPerson",1782,0,1777,5,0,0,0.99719416386083,10,1,0.2
"WithinSubject",1782,0,1777,5,0,0,0.99719416386083,10,1,0.2
