"model","baseline_length","Metric","Value"
"FixedCutoff",2,"Sensitivity",0.946049382716049
"FixedCutoff",2,"Specificity",0.296633394876822
"FixedCutoff",2,"Precision",0.000290761455178339
"FixedCutoff",2,"NPV",0.999959344012604
"FixedCutoff",2,"F1_Score",0.000581341760964571
"FixedCutoff",2,"F2_Score",0.00145199749569192
"FixedCutoff",2,"F0_5_Score",0.000363423507678159
"FixedCutoff",2,"Balanced_Accuracy",0.621341388796436
"FixedCutoff",2,"Error_Rate",0.70322606696169
"FixedCutoff",3,"Sensitivity",0.946049382716049
"FixedCutoff",3,"Specificity",0.293684977016456
"FixedCutoff",3,"Precision",0.000293421972910156
"FixedCutoff",3,"NPV",0.999958165618639
"FixedCutoff",3,"F1_Score",0.00058665922717091
"FixedCutoff",3,"F2_Score",0.00146526444601526
"FixedCutoff",3,"F0_5_Score",0.000366748596934253
"FixedCutoff",3,"Balanced_Accuracy",0.619867179866253
"FixedCutoff",3,"Error_Rate",0.706171842418936
"FixedCutoff",5,"Sensitivity",0.946049382716049
"FixedCutoff",5,"Specificity",0.287125173172145
"FixedCutoff",5,"Precision",0.000298867610648437
"FixedCutoff",5,"NPV",0.999955428437463
"FixedCutoff",5,"F1_Score",0.000597543009252949
"FixedCutoff",5,"F2_Score",0.00149241781765599
"FixedCutoff",5,"F0_5_Score",0.000373554472806792
"FixedCutoff",5,"Balanced_Accuracy",0.616587277944097
"FixedCutoff",5,"Error_Rate",0.71272583045216
"FixedCutoff",7,"Sensitivity",0.960864197530864
"FixedCutoff",7,"Specificity",0.281458140649316
"FixedCutoff",7,"Precision",0.000282408581436115
"FixedCutoff",7,"NPV",0.999969668118326
"FixedCutoff",7,"F1_Score",0.000564648239480152
"FixedCutoff",7,"F2_Score",0.00141035521657888
"FixedCutoff",7,"F0_5_Score",0.00035298432647951
"FixedCutoff",7,"Balanced_Accuracy",0.62116116909009
"FixedCutoff",7,"Error_Rate",0.718398525889975
"FixedCutoff",10,"Sensitivity",0.96679012345679
"FixedCutoff",10,"Specificity",0.274100595397816
"FixedCutoff",10,"Precision",0.000280888304524188
"FixedCutoff",10,"NPV",0.99997565286138
"FixedCutoff",10,"F1_Score",0.000561612969431429
"FixedCutoff",10,"F2_Score",0.00140280655933533
"FixedCutoff",10,"F0_5_Score",0.000351084806361734
"FixedCutoff",10,"Balanced_Accuracy",0.620445359427303
"FixedCutoff",10,"Error_Rate",0.725753076149025
"FixedCutoff",20,"Sensitivity",0.979206349206349
"FixedCutoff",20,"Specificity",0.241994324913768
"FixedCutoff",20,"Precision",0.000253937544144358
"FixedCutoff",20,"NPV",0.999985288887593
"FixedCutoff",20,"F1_Score",0.000507740241693557
"FixedCutoff",20,"F2_Score",0.00126834035140278
"FixedCutoff",20,"F0_5_Score",0.000317400856111791
"FixedCutoff",20,"Balanced_Accuracy",0.610600337060059
"FixedCutoff",20,"Error_Rate",0.757861885596687
"FixedCutoff",30,"Sensitivity",0.986103896103896
"FixedCutoff",30,"Specificity",0.214319948338417
"FixedCutoff",30,"Precision",0.000206306560633128
"FixedCutoff",30,"NPV",0.999992201125248
"FixedCutoff",30,"F1_Score",0.000530353461472381
"FixedCutoff",30,"F2_Score",0.00132476653791712
"FixedCutoff",30,"F0_5_Score",0.000331540809721892
"FixedCutoff",30,"Balanced_Accuracy",0.615503847928419
"FixedCutoff",30,"Error_Rate",0.785561456459763
"GAMLSS",2,"Sensitivity",0.538571428571429
"GAMLSS",2,"Specificity",0.592556162221627
"GAMLSS",2,"Precision",0.00025696974118203
"GAMLSS",2,"NPV",0.999850104872494
"GAMLSS",2,"F1_Score",0.000513655123510353
"GAMLSS",2,"F2_Score",0.00128201059834025
"GAMLSS",2,"F0_5_Score",0.000321167723937381
"GAMLSS",2,"Balanced_Accuracy",0.565563795396528
"GAMLSS",2,"Error_Rate",0.407455567687627
"GAMLSS",3,"Sensitivity",0.538571428571429
"GAMLSS",3,"Specificity",0.591366805193615
"GAMLSS",3,"Precision",0.000259784452013207
"GAMLSS",3,"NPV",0.999847477279235
"GAMLSS",3,"F1_Score",0.000519277647165489
"GAMLSS",3,"F2_Score",0.0012960153905718
"GAMLSS",3,"F0_5_Score",0.000324685033807184
"GAMLSS",3,"Balanced_Accuracy",0.564969116882522
"GAMLSS",3,"Error_Rate",0.408644854152808
"GAMLSS",5,"Sensitivity",0.538571428571429
"GAMLSS",5,"Specificity",0.589313271812598
"GAMLSS",5,"Precision",0.000266037273974141
"GAMLSS",5,"NPV",0.999841976636386
"GAMLSS",5,"F1_Score",0.000531767507496984
"GAMLSS",5,"F2_Score",0.0013271221785494
"GAMLSS",5,"F0_5_Score",0.000332498593055986
"GAMLSS",5,"Balanced_Accuracy",0.563942350192013
"GAMLSS",5,"Error_Rate",0.410698321356972
"GAMLSS",7,"Sensitivity",0.555238095238095
"GAMLSS",7,"Specificity",0.586694731213645
"GAMLSS",7,"Precision",0.000257055414938941
"GAMLSS",7,"NPV",0.999857431148158
"GAMLSS",7,"F1_Score",0.000513836860015955
"GAMLSS",7,"F2_Score",0.0012825424523932
"GAMLSS",7,"F0_5_Score",0.000321276441000442
"GAMLSS",7,"Balanced_Accuracy",0.57096641322587
"GAMLSS",7,"Error_Rate",0.413312274440631
"GAMLSS",10,"Sensitivity",0.561238095238095
"GAMLSS",10,"Specificity",0.583021382561209
"GAMLSS",10,"Precision",0.000259398146816375
"GAMLSS",10,"NPV",0.9998600016391
"GAMLSS",10,"F1_Score",0.000518525121278334
"GAMLSS",10,"F2_Score",0.00129428383266015
"GAMLSS",10,"F0_5_Score",0.000324205293956587
"GAMLSS",10,"Balanced_Accuracy",0.572129738899652
"GAMLSS",10,"Error_Rate",0.416982886347483
"GAMLSS",20,"Sensitivity",0.581380952380952
"GAMLSS",20,"Specificity",0.569523769945066
"GAMLSS",20,"Precision",0.000229810157731497
"GAMLSS",20,"NPV",0.999879174598108
"GAMLSS",20,"F1_Score",0.000459414812961643
"GAMLSS",20,"F2_Score",0.00114699890591239
"GAMLSS",20,"F0_5_Score",0.000287230575097409
"GAMLSS",20,"Balanced_Accuracy",0.575452361163009
"GAMLSS",20,"Error_Rate",0.430474304903694
"GAMLSS",30,"Sensitivity",0.59875
"GAMLSS",30,"Specificity",0.555097560676726
"GAMLSS",30,"Precision",0.000205679043340938
"GAMLSS",30,"NPV",0.999898182191456
"GAMLSS",30,"F1_Score",0.000513940064877229
"GAMLSS",30,"F2_Score",0.00128292313132345
"GAMLSS",30,"F0_5_Score",0.000321333246251902
"GAMLSS",30,"Balanced_Accuracy",0.583752520503387
"GAMLSS",30,"Error_Rate",0.444898034299615
"PJQM2",2,"Sensitivity",0.426428571428571
"PJQM2",2,"Specificity",0.938468988391815
"PJQM2",2,"Precision",0.00246376543874794
"PJQM2",2,"NPV",0.999873924222699
"PJQM2",2,"F1_Score",0.00488141064191495
"PJQM2",2,"F2_Score",0.0118743486075492
"PJQM2",2,"F0_5_Score",0.00307243149909829
"PJQM2",2,"Balanced_Accuracy",0.682448779910193
"PJQM2",2,"Error_Rate",0.0616352885036704
"PJQM2",3,"Sensitivity",0.426428571428571
"PJQM2",3,"Specificity",0.940172995189231
"PJQM2",3,"Precision",0.00249269930568792
"PJQM2",3,"NPV",0.999872287990725
"PJQM2",3,"F1_Score",0.00493877903235735
"PJQM2",3,"F2_Score",0.012014158705339
"PJQM2",3,"F0_5_Score",0.00310852026431159
"PJQM2",3,"Balanced_Accuracy",0.683300783308901
"PJQM2",3,"Error_Rate",0.0599332904294725
"PJQM2",5,"Sensitivity",0.426428571428571
"PJQM2",5,"Specificity",0.949256821760766
"PJQM2",5,"Precision",0.00358728657411113
"PJQM2",5,"NPV",0.99986970958145
"PJQM2",5,"F1_Score",0.00706349245273971
"PJQM2",5,"F2_Score",0.0168898079335538
"PJQM2",5,"F0_5_Score",0.00446647917148844
"PJQM2",5,"Balanced_Accuracy",0.687842696594669
"PJQM2",5,"Error_Rate",0.0508552401563139
"PJQM2",7,"Sensitivity",0.459761904761905
"PJQM2",7,"Specificity",0.948213567688758
"PJQM2",7,"Precision",0.00361480830449715
"PJQM2",7,"NPV",0.999886107021167
"PJQM2",7,"F1_Score",0.00712548522109089
"PJQM2",7,"F2_Score",0.0170889812785863
"PJQM2",7,"F0_5_Score",0.00450200194411357
"PJQM2",7,"Balanced_Accuracy",0.703987736225331
"PJQM2",7,"Error_Rate",0.0518844516860007
"PJQM2",10,"Sensitivity",0.472095238095238
"PJQM2",10,"Specificity",0.94981014526277
"PJQM2",10,"Precision",0.00396810456364075
"PJQM2",10,"NPV",0.999890280220576
"PJQM2",10,"F1_Score",0.00781987810660297
"PJQM2",10,"F2_Score",0.0187379698777288
"PJQM2",10,"F0_5_Score",0.00494169852731252
"PJQM2",10,"Balanced_Accuracy",0.710952691679004
"PJQM2",10,"Error_Rate",0.0502838671936433
"PJQM2",20,"Sensitivity",0.424119047619048
"PJQM2",20,"Specificity",0.964917203655286
"PJQM2",20,"Precision",0.00357527393739894
"PJQM2",20,"NPV",0.999896203583022
"PJQM2",20,"F1_Score",0.0088196820109601
"PJQM2",20,"F2_Score",0.0212150339553628
"PJQM2",20,"F0_5_Score",0.00556762192009161
"PJQM2",20,"Balanced_Accuracy",0.694518125637167
"PJQM2",20,"Error_Rate",0.0351772433929009
"PJQM2",30,"Sensitivity",0.551875
"PJQM2",30,"Specificity",0.968750778744139
"PJQM2",30,"Precision",0.00457916705477827
"PJQM2",30,"NPV",0.99992777722557
"PJQM2",30,"F1_Score",0.00904031912319938
"PJQM2",30,"F2_Score",0.0217687219359111
"PJQM2",30,"F0_5_Score",0.00570529826171907
"PJQM2",30,"Balanced_Accuracy",0.756406736715087
"PJQM2",30,"Error_Rate",0.031313032704645
"WithinPerson",2,"Sensitivity",0.679259259259259
"WithinPerson",2,"Specificity",0.593405567868017
"WithinPerson",2,"Precision",0.000717929951763072
"WithinPerson",2,"NPV",0.999877696248429
"WithinPerson",2,"F1_Score",0.00143221848764991
"WithinPerson",2,"F2_Score",0.00355359900869743
"WithinPerson",2,"F0_5_Score",0.000896842029966462
"WithinPerson",2,"Balanced_Accuracy",0.636332413563638
"WithinPerson",2,"Error_Rate",0.406576785073305
"WithinPerson",3,"Sensitivity",0.679259259259259
"WithinPerson",3,"Specificity",0.587984076246917
"WithinPerson",3,"Precision",0.000717929951763072
"WithinPerson",3,"NPV",0.999873062663535
"WithinPerson",3,"F1_Score",0.00143221848764991
"WithinPerson",3,"F2_Score",0.00355359900869743
"WithinPerson",3,"F0_5_Score",0.000896842029966462
"WithinPerson",3,"Balanced_Accuracy",0.633621667753088
"WithinPerson",3,"Error_Rate",0.411996777637944
"WithinPerson",5,"Sensitivity",0.679259259259259
"WithinPerson",5,"Specificity",0.576432397351986
"WithinPerson",5,"Precision",0.000717934203945896
"WithinPerson",5,"NPV",0.999861439117392
"WithinPerson",5,"F1_Score",0.00143222698561251
"WithinPerson",5,"F2_Score",0.0035536202056914
"WithinPerson",5,"F0_5_Score",0.000896847344194083
"WithinPerson",5,"Balanced_Accuracy",0.627845828305623
"WithinPerson",5,"Error_Rate",0.423545073725427
"WithinPerson",7,"Sensitivity",0.745925925925926
"WithinPerson",7,"Specificity",0.567885090027728
"WithinPerson",7,"Precision",0.000719558648235621
"WithinPerson",7,"NPV",0.999906857884841
"WithinPerson",7,"F1_Score",0.00143571529422385
"WithinPerson",7,"F2_Score",0.00356409431389776
"WithinPerson",7,"F0_5_Score",0.000898915477222776
"WithinPerson",7,"Balanced_Accuracy",0.656905507976827
"WithinPerson",7,"Error_Rate",0.432078219444428
"WithinPerson",10,"Sensitivity",0.742592592592593
"WithinPerson",10,"Specificity",0.558631710755852
"WithinPerson",10,"Precision",0.000701181654010232
"WithinPerson",10,"NPV",0.99990592628014
"WithinPerson",10,"F1_Score",0.00139917154149866
"WithinPerson",10,"F2_Score",0.00347427866798858
"WithinPerson",10,"F0_5_Score",0.000875977215151265
"WithinPerson",10,"Balanced_Accuracy",0.650612151674222
"WithinPerson",10,"Error_Rate",0.441329474825293
"WithinPerson",20,"Sensitivity",0.745925925925926
"WithinPerson",20,"Specificity",0.505909663556443
"WithinPerson",20,"Precision",0.000570456357879537
"WithinPerson",20,"NPV",0.999922391307833
"WithinPerson",20,"F1_Score",0.00113858311353408
"WithinPerson",20,"F2_Score",0.00282917863462975
"WithinPerson",20,"F0_5_Score",0.000712705685297603
"WithinPerson",20,"Balanced_Accuracy",0.625917794741184
"WithinPerson",20,"Error_Rate",0.494044880907552
"WithinPerson",30,"Sensitivity",0.761558441558442
"WithinPerson",30,"Specificity",0.474822516044009
"WithinPerson",30,"Precision",0.000520238531621941
"WithinPerson",30,"NPV",0.999938712908213
"WithinPerson",30,"F1_Score",0.00133477885023688
"WithinPerson",30,"F2_Score",0.00331487902728045
"WithinPerson",30,"F0_5_Score",0.000835631388987582
"WithinPerson",30,"Balanced_Accuracy",0.63823954541368
"WithinPerson",30,"Error_Rate",0.525135806437805
"WithinSubject",2,"Sensitivity",0.794074074074074
"WithinSubject",2,"Specificity",0.384339397784837
"WithinSubject",2,"Precision",0.000277335087166555
"WithinSubject",2,"NPV",0.999876445574184
"WithinSubject",2,"F1_Score",0.000554471829380483
"WithinSubject",2,"F2_Score",0.00138469416124016
"WithinSubject",2,"F0_5_Score",0.000346637859051591
"WithinSubject",2,"Balanced_Accuracy",0.589206735929455
"WithinSubject",2,"Error_Rate",0.615573903411026
"WithinSubject",3,"Sensitivity",0.794074074074074
"WithinSubject",3,"Specificity",0.376313566124079
"WithinSubject",3,"Precision",0.000277335087166555
"WithinSubject",3,"NPV",0.999869690953832
"WithinSubject",3,"F1_Score",0.000554471829380483
"WithinSubject",3,"F2_Score",0.00138469416124016
"WithinSubject",3,"F0_5_Score",0.000346637859051591
"WithinSubject",3,"Balanced_Accuracy",0.585193820099077
"WithinSubject",3,"Error_Rate",0.62359674968013
"WithinSubject",5,"Sensitivity",0.794074074074074
"WithinSubject",5,"Specificity",0.359194070479458
"WithinSubject",5,"Precision",0.000277336404790942
"WithinSubject",5,"NPV",0.999851991738302
"WithinSubject",5,"F1_Score",0.000554474462839793
"WithinSubject",5,"F2_Score",0.00138470073149477
"WithinSubject",5,"F0_5_Score",0.000346639505802364
"WithinSubject",5,"Balanced_Accuracy",0.576634072276766
"WithinSubject",5,"Error_Rate",0.640709590916191
"WithinSubject",7,"Sensitivity",0.868148148148148
"WithinSubject",7,"Specificity",0.341908376059296
"WithinSubject",7,"Precision",0.000277751403662687
"WithinSubject",7,"NPV",0.999917999153395
"WithinSubject",7,"F1_Score",0.000555319826407469
"WithinSubject",7,"F2_Score",0.00138692906761676
"WithinSubject",7,"F0_5_Score",0.000347160656540758
"WithinSubject",7,"Balanced_Accuracy",0.605028262103722
"WithinSubject",7,"Error_Rate",0.657982247540626
"WithinSubject",10,"Sensitivity",0.875185185185185
"WithinSubject",10,"Specificity",0.318790844956387
"WithinSubject",10,"Precision",0.000272081837629289
"WithinSubject",10,"NPV",0.999921439494651
"WithinSubject",10,"F1_Score",0.000543991814310219
"WithinSubject",10,"F2_Score",0.00135869223114248
"WithinSubject",10,"F0_5_Score",0.000340075437300546
"WithinSubject",10,"Balanced_Accuracy",0.596988015070786
"WithinSubject",10,"Error_Rate",0.681091817908761
"WithinSubject",20,"Sensitivity",0.916428571428571
"WithinSubject",20,"Specificity",0.235763402881931
"WithinSubject",20,"Precision",0.000238966786882288
"WithinSubject",20,"NPV",0.999951854438565
"WithinSubject",20,"F1_Score",0.000477801286690076
"WithinSubject",20,"F2_Score",0.00119351222289716
"WithinSubject",20,"F0_5_Score",0.00029868780921402
"WithinSubject",20,"Balanced_Accuracy",0.576095987155251
"WithinSubject",20,"Error_Rate",0.76410525439001
"WithinSubject",30,"Sensitivity",0.935649350649351
"WithinSubject",30,"Specificity",0.185039329953688
"WithinSubject",30,"Precision",0.000194711233672362
"WithinSubject",30,"NPV",0.999964623003054
"WithinSubject",30,"F1_Score",0.000500545555422036
"WithinSubject",30,"F2_Score",0.00125031156436149
"WithinSubject",30,"F0_5_Score",0.000312906814522285
"WithinSubject",30,"Balanced_Accuracy",0.58657811342782
"WithinSubject",30,"Error_Rate",0.814847467773718
