"model","sampling_freq","Mean_Balanced_Accuracy","Balanced_Accuracy_Pct"
"FixedCutoff",0.0833333333333333,0.625447699049312,"62.54%"
"FixedCutoff",0.166666666666667,0.627080456240763,"62.71%"
"FixedCutoff",0.25,0.623720124267744,"62.37%"
"FixedCutoff",0.5,0.609927029395323,"60.99%"
"FixedCutoff",1,0.606328796944029,"60.63%"
"GAMLSS",0.0833333333333333,0.586614990437614,"58.66%"
"GAMLSS",0.166666666666667,0.576287450503471,"57.63%"
"GAMLSS",0.25,0.575267610403455,"57.53%"
"GAMLSS",0.5,0.552079566384042,"55.21%"
"GAMLSS",1,0.561396939451906,"56.14%"
"PJQM2",0.0833333333333333,0.761421880759313,"76.14%"
"PJQM2",0.166666666666667,0.703711049267586,"70.37%"
"PJQM2",0.25,0.744777949778328,"74.48%"
"PJQM2",0.5,0.660570691648587,"66.06%"
"PJQM2",1,0.624585002243331,"62.46%"
"WithinPerson",0.0833333333333333,0.663094228635508,"66.31%"
"WithinPerson",0.166666666666667,0.640959749077543,"64.10%"
"WithinPerson",0.25,0.66452632775806,"66.45%"
"WithinPerson",0.5,0.602896471375163,"60.29%"
"WithinPerson",1,0.626025761681237,"62.60%"
"WithinSubject",0.0833333333333333,0.613622511811956,"61.36%"
"WithinSubject",0.166666666666667,0.595914890317003,"59.59%"
"WithinSubject",0.25,0.630963879777388,"63.10%"
"WithinSubject",0.5,0.555896269869872,"55.59%"
"WithinSubject",1,0.546015334191212,"54.60%"
