"model","alpha","Metric","Value","Value_Pct"
"FixedCutoff",0.01,"Sensitivity",0.960520329343859,"96.05%"
"FixedCutoff",0.025,"Sensitivity",0.960520329343859,"96.05%"
"FixedCutoff",0.05,"Sensitivity",0.960520329343859,"96.05%"
"FixedCutoff",0.1,"Sensitivity",0.962126984126984,"96.21%"
"FixedCutoff",0.01,"FPR",0.72765756687518,"72.77%"
"FixedCutoff",0.025,"FPR",0.72765756687518,"72.77%"
"FixedCutoff",0.05,"FPR",0.72765756687518,"72.77%"
"FixedCutoff",0.1,"FPR",0.74229797616861,"74.23%"
"GAMLSS",0.01,"Sensitivity",0.305135387488329,"30.51%"
"GAMLSS",0.025,"Sensitivity",0.51031746031746,"51.03%"
"GAMLSS",0.05,"Sensitivity",0.602899159663866,"60.29%"
"GAMLSS",0.1,"Sensitivity",0.812572362278245,"81.26%"
"GAMLSS",0.01,"FPR",0.241301702340931,"24.13%"
"GAMLSS",0.025,"FPR",0.367289572356795,"36.73%"
"GAMLSS",0.05,"FPR",0.47877423084096,"47.88%"
"GAMLSS",0.1,"FPR",0.588306675247323,"58.83%"
"PJQM2",0.01,"Sensitivity",0.439024276377218,"43.90%"
"PJQM2",0.025,"Sensitivity",0.444112978524743,"44.41%"
"PJQM2",0.05,"Sensitivity",0.450975723622782,"45.10%"
"PJQM2",0.1,"Sensitivity",0.475746965452848,"47.57%"
"PJQM2",0.01,"FPR",0.0119536839292668,"1.20%"
"PJQM2",0.025,"FPR",0.0282262885723653,"2.82%"
"PJQM2",0.05,"FPR",0.0460574695796829,"4.61%"
"PJQM2",0.1,"FPR",0.108282271808533,"10.83%"
"WithinPerson",0.01,"Sensitivity",0.518119854002207,"51.81%"
"WithinPerson",0.025,"Sensitivity",0.702339359986419,"70.23%"
"WithinPerson",0.05,"Sensitivity",0.821555046260929,"82.16%"
"WithinPerson",0.1,"Sensitivity",0.906666666666667,"90.67%"
"WithinPerson",0.01,"FPR",0.0660049557942638,"6.60%"
"WithinPerson",0.025,"FPR",0.393697277113696,"39.37%"
"WithinPerson",0.05,"FPR",0.669483802320295,"66.95%"
"WithinPerson",0.1,"FPR",0.805105255890188,"80.51%"
"WithinSubject",0.01,"Sensitivity",0.802403021814787,"80.24%"
"WithinSubject",0.025,"Sensitivity",0.848540022069434,"84.85%"
"WithinSubject",0.05,"Sensitivity",0.870276716747305,"87.03%"
"WithinSubject",0.1,"Sensitivity",0.906666666666667,"90.67%"
"WithinSubject",0.01,"FPR",0.603873040830417,"60.39%"
"WithinSubject",0.025,"FPR",0.662653364908757,"66.27%"
"WithinSubject",0.05,"FPR",0.716983058810329,"71.70%"
"WithinSubject",0.1,"FPR",0.807280331069202,"80.73%"
