"model","baseline_length","sampling_freq","alpha","Sensitivity","Specificity","FPR","Balanced_Accuracy"
"FixedCutoff",2,0.0833333333333333,0.05,0.953333333333333,0.303026893214808,0.696973106785192,0.628180113274071
"FixedCutoff",2,0.0833333333333333,0.025,0.953333333333333,0.303026893214808,0.696973106785192,0.628180113274071
"FixedCutoff",2,0.0833333333333333,0.01,0.953333333333333,0.303026893214808,0.696973106785192,0.628180113274071
"FixedCutoff",3,0.0833333333333333,0.05,0.953333333333333,0.302468290351082,0.697531709648918,0.627900811842208
"FixedCutoff",3,0.0833333333333333,0.025,0.953333333333333,0.302468290351082,0.697531709648918,0.627900811842208
"FixedCutoff",3,0.0833333333333333,0.01,0.953333333333333,0.302468290351082,0.697531709648918,0.627900811842208
"FixedCutoff",2,0.166666666666667,0.05,0.96,0.301949978918421,0.698050021081579,0.63097498945921
"FixedCutoff",2,0.166666666666667,0.025,0.96,0.301949978918421,0.698050021081579,0.63097498945921
"FixedCutoff",2,0.166666666666667,0.01,0.96,0.301949978918421,0.698050021081579,0.63097498945921
"FixedCutoff",5,0.0833333333333333,0.05,0.953333333333333,0.301210801417234,0.698789198582766,0.627272067375284
"FixedCutoff",5,0.0833333333333333,0.025,0.953333333333333,0.301210801417234,0.698789198582766,0.627272067375284
"FixedCutoff",5,0.0833333333333333,0.01,0.953333333333333,0.301210801417234,0.698789198582766,0.627272067375284
"FixedCutoff",3,0.166666666666667,0.05,0.96,0.30082222240212,0.69917777759788,0.63041111120106
"FixedCutoff",3,0.166666666666667,0.025,0.96,0.30082222240212,0.69917777759788,0.63041111120106
"FixedCutoff",3,0.166666666666667,0.01,0.96,0.30082222240212,0.69917777759788,0.63041111120106
"FixedCutoff",7,0.0833333333333333,0.05,0.953333333333333,0.300094360342626,0.699905639657374,0.626713846837979
"FixedCutoff",7,0.0833333333333333,0.025,0.953333333333333,0.300094360342626,0.699905639657374,0.626713846837979
"FixedCutoff",7,0.0833333333333333,0.01,0.953333333333333,0.300094360342626,0.699905639657374,0.626713846837979
"FixedCutoff",2,0.25,0.1,0.955555555555556,0.299628916265904,0.700371083734096,0.62759223591073
"FixedCutoff",2,0.25,0.05,0.955555555555556,0.299628916265904,0.700371083734096,0.62759223591073
"FixedCutoff",2,0.25,0.025,0.955555555555556,0.299628916265904,0.700371083734096,0.62759223591073
"FixedCutoff",2,0.25,0.01,0.955555555555556,0.299628916265904,0.700371083734096,0.62759223591073
"FixedCutoff",10,0.0833333333333333,0.05,0.953333333333333,0.298576173229981,0.701423826770019,0.625954753281657
"FixedCutoff",10,0.0833333333333333,0.025,0.953333333333333,0.298576173229981,0.701423826770019,0.625954753281657
"FixedCutoff",10,0.0833333333333333,0.01,0.953333333333333,0.298576173229981,0.701423826770019,0.625954753281657
"FixedCutoff",5,0.166666666666667,0.05,0.96,0.298326780503355,0.701673219496645,0.629163390251678
"FixedCutoff",5,0.166666666666667,0.025,0.96,0.298326780503355,0.701673219496645,0.629163390251678
"FixedCutoff",5,0.166666666666667,0.01,0.96,0.298326780503355,0.701673219496645,0.629163390251678
"FixedCutoff",3,0.25,0.1,0.955555555555556,0.297928588568802,0.702071411431198,0.626742072062179
"FixedCutoff",3,0.25,0.05,0.955555555555556,0.297928588568802,0.702071411431198,0.626742072062179
"FixedCutoff",3,0.25,0.025,0.955555555555556,0.297928588568802,0.702071411431198,0.626742072062179
"FixedCutoff",3,0.25,0.01,0.955555555555556,0.297928588568802,0.702071411431198,0.626742072062179
"FixedCutoff",7,0.166666666666667,0.05,0.96,0.296096056436458,0.703903943563542,0.628048028218229
"FixedCutoff",7,0.166666666666667,0.025,0.96,0.296096056436458,0.703903943563542,0.628048028218229
"FixedCutoff",7,0.166666666666667,0.01,0.96,0.296096056436458,0.703903943563542,0.628048028218229
"FixedCutoff",2,0.5,0.1,0.933333333333333,0.295717818560458,0.704282181439542,0.614525575946896
"FixedCutoff",2,0.5,0.05,0.933333333333333,0.295717818560458,0.704282181439542,0.614525575946896
"FixedCutoff",2,0.5,0.025,0.933333333333333,0.295717818560458,0.704282181439542,0.614525575946896
"FixedCutoff",2,0.5,0.01,0.933333333333333,0.295717818560458,0.704282181439542,0.614525575946896
"FixedCutoff",5,0.25,0.1,0.955555555555556,0.294180523055463,0.705819476944537,0.624868039305509
"FixedCutoff",5,0.25,0.05,0.955555555555556,0.294180523055463,0.705819476944537,0.624868039305509
"FixedCutoff",5,0.25,0.025,0.955555555555556,0.294180523055463,0.705819476944537,0.624868039305509
"FixedCutoff",5,0.25,0.01,0.955555555555556,0.294180523055463,0.705819476944537,0.624868039305509
"FixedCutoff",10,0.166666666666667,0.05,0.96,0.293093963536038,0.706906036463962,0.626546981768019
"FixedCutoff",10,0.166666666666667,0.025,0.96,0.293093963536038,0.706906036463962,0.626546981768019
"FixedCutoff",10,0.166666666666667,0.01,0.96,0.293093963536038,0.706906036463962,0.626546981768019
"FixedCutoff",3,0.5,0.1,0.933333333333333,0.292316708764631,0.707683291235369,0.612825021048982
"FixedCutoff",3,0.5,0.05,0.933333333333333,0.292316708764631,0.707683291235369,0.612825021048982
"FixedCutoff",3,0.5,0.025,0.933333333333333,0.292316708764631,0.707683291235369,0.612825021048982
"FixedCutoff",3,0.5,0.01,0.933333333333333,0.292316708764631,0.707683291235369,0.612825021048982
"FixedCutoff",20,0.0833333333333333,0.05,0.953333333333333,0.291987201021231,0.708012798978769,0.622660267177282
"FixedCutoff",20,0.0833333333333333,0.025,0.953333333333333,0.291987201021231,0.708012798978769,0.622660267177282
"FixedCutoff",20,0.0833333333333333,0.01,0.953333333333333,0.291987201021231,0.708012798978769,0.622660267177282
"FixedCutoff",7,0.25,0.1,0.955555555555556,0.290831563647939,0.709168436352061,0.623193559601747
"FixedCutoff",7,0.25,0.05,0.955555555555556,0.290831563647939,0.709168436352061,0.623193559601747
"FixedCutoff",7,0.25,0.025,0.955555555555556,0.290831563647939,0.709168436352061,0.623193559601747
"FixedCutoff",7,0.25,0.01,0.955555555555556,0.290831563647939,0.709168436352061,0.623193559601747
"FixedCutoff",10,0.25,0.1,0.955555555555556,0.286314734122547,0.713685265877454,0.620935144839051
"FixedCutoff",10,0.25,0.05,0.955555555555556,0.286314734122547,0.713685265877454,0.620935144839051
"FixedCutoff",10,0.25,0.025,0.955555555555556,0.286314734122547,0.713685265877454,0.620935144839051
"FixedCutoff",10,0.25,0.01,0.955555555555556,0.286314734122547,0.713685265877454,0.620935144839051
"FixedCutoff",2,1,0.1,0.933333333333333,0.285770888019415,0.714229111980585,0.609552110676374
"FixedCutoff",2,1,0.05,0.933333333333333,0.285770888019415,0.714229111980585,0.609552110676374
"FixedCutoff",2,1,0.025,0.933333333333333,0.285770888019415,0.714229111980585,0.609552110676374
"FixedCutoff",2,1,0.01,0.933333333333333,0.285770888019415,0.714229111980585,0.609552110676374
"FixedCutoff",30,0.0833333333333333,0.05,0.953333333333333,0.285570733780067,0.714429266219933,0.6194520335567
"FixedCutoff",30,0.0833333333333333,0.025,0.953333333333333,0.285570733780067,0.714429266219933,0.6194520335567
"FixedCutoff",30,0.0833333333333333,0.01,0.953333333333333,0.285570733780067,0.714429266219933,0.6194520335567
"FixedCutoff",5,0.5,0.1,0.933333333333333,0.284771478627681,0.715228521372319,0.609052405980507
"FixedCutoff",5,0.5,0.05,0.933333333333333,0.284771478627681,0.715228521372319,0.609052405980507
"FixedCutoff",5,0.5,0.025,0.933333333333333,0.284771478627681,0.715228521372319,0.609052405980507
"FixedCutoff",5,0.5,0.01,0.933333333333333,0.284771478627681,0.715228521372319,0.609052405980507
"FixedCutoff",20,0.166666666666667,0.05,0.96,0.279854945972076,0.720145054027924,0.619927472986038
"FixedCutoff",20,0.166666666666667,0.025,0.96,0.279854945972076,0.720145054027924,0.619927472986038
"FixedCutoff",20,0.166666666666667,0.01,0.96,0.279854945972076,0.720145054027924,0.619927472986038
"FixedCutoff",3,1,0.1,0.933333333333333,0.278869214675716,0.721130785324284,0.606101274004525
"FixedCutoff",3,1,0.05,0.933333333333333,0.278869214675716,0.721130785324284,0.606101274004525
"FixedCutoff",3,1,0.025,0.933333333333333,0.278869214675716,0.721130785324284,0.606101274004525
"FixedCutoff",3,1,0.01,0.933333333333333,0.278869214675716,0.721130785324284,0.606101274004525
"FixedCutoff",7,0.5,0.1,0.933333333333333,0.278122752547843,0.721877247452157,0.605728042940588
"FixedCutoff",7,0.5,0.05,0.933333333333333,0.278122752547843,0.721877247452157,0.605728042940588
"FixedCutoff",7,0.5,0.025,0.933333333333333,0.278122752547843,0.721877247452157,0.605728042940588
"FixedCutoff",7,0.5,0.01,0.933333333333333,0.278122752547843,0.721877247452157,0.605728042940588
"FixedCutoff",10,0.5,0.1,0.96,0.26915538706442,0.73084461293558,0.61457769353221
"FixedCutoff",10,0.5,0.05,0.96,0.26915538706442,0.73084461293558,0.61457769353221
"FixedCutoff",10,0.5,0.025,0.96,0.26915538706442,0.73084461293558,0.61457769353221
"FixedCutoff",10,0.5,0.01,0.96,0.26915538706442,0.73084461293558,0.61457769353221
"FixedCutoff",30,0.166666666666667,0.05,0.981818181818182,0.267164257784035,0.732835742215965,0.624491219801108
"FixedCutoff",30,0.166666666666667,0.025,0.981818181818182,0.267164257784035,0.732835742215965,0.624491219801108
"FixedCutoff",30,0.166666666666667,0.01,0.981818181818182,0.267164257784035,0.732835742215965,0.624491219801108
"FixedCutoff",20,0.25,0.1,0.971428571428571,0.266458552695663,0.733541447304336,0.618943562062117
"FixedCutoff",20,0.25,0.05,0.971428571428571,0.266458552695663,0.733541447304336,0.618943562062117
"FixedCutoff",20,0.25,0.025,0.971428571428571,0.266458552695663,0.733541447304336,0.618943562062117
"FixedCutoff",20,0.25,0.01,0.971428571428571,0.266458552695663,0.733541447304336,0.618943562062117
"FixedCutoff",5,1,0.1,0.933333333333333,0.263458091151067,0.736541908848933,0.5983957122422
"FixedCutoff",5,1,0.05,0.933333333333333,0.263458091151067,0.736541908848933,0.5983957122422
"FixedCutoff",5,1,0.025,0.933333333333333,0.263458091151067,0.736541908848933,0.5983957122422
"FixedCutoff",5,1,0.01,0.933333333333333,0.263458091151067,0.736541908848933,0.5983957122422
"FixedCutoff",7,1,0.1,1,0.250464504141829,0.749535495858171,0.625232252070914
"FixedCutoff",7,1,0.05,1,0.250464504141829,0.749535495858171,0.625232252070914
"FixedCutoff",7,1,0.025,1,0.250464504141829,0.749535495858171,0.625232252070914
"FixedCutoff",7,1,0.01,1,0.250464504141829,0.749535495858171,0.625232252070914
"FixedCutoff",30,0.25,0.1,1,0.247532512185749,0.752467487814251,0.623766256092875
"FixedCutoff",30,0.25,0.05,1,0.247532512185749,0.752467487814251,0.623766256092875
"FixedCutoff",30,0.25,0.025,1,0.247532512185749,0.752467487814251,0.623766256092875
"FixedCutoff",30,0.25,0.01,1,0.247532512185749,0.752467487814251,0.623766256092875
"FixedCutoff",10,1,0.1,1,0.23422995552869,0.76577004447131,0.617114977764345
"FixedCutoff",10,1,0.05,1,0.23422995552869,0.76577004447131,0.617114977764345
"FixedCutoff",10,1,0.025,1,0.23422995552869,0.76577004447131,0.617114977764345
"FixedCutoff",10,1,0.01,1,0.23422995552869,0.76577004447131,0.617114977764345
"FixedCutoff",20,0.5,0.1,1,0.230481389359688,0.769518610640312,0.615240694679844
"FixedCutoff",20,0.5,0.05,1,0.230481389359688,0.769518610640312,0.615240694679844
"FixedCutoff",20,0.5,0.025,1,0.230481389359688,0.769518610640312,0.615240694679844
"FixedCutoff",20,0.5,0.01,1,0.230481389359688,0.769518610640312,0.615240694679844
"FixedCutoff",30,0.5,0.1,1,0.195079543276471,0.804920456723529,0.597539771638236
"FixedCutoff",30,0.5,0.05,1,0.195079543276471,0.804920456723529,0.597539771638236
"FixedCutoff",30,0.5,0.025,1,0.195079543276471,0.804920456723529,0.597539771638236
"FixedCutoff",30,0.5,0.01,1,0.195079543276471,0.804920456723529,0.597539771638236
"FixedCutoff",20,1,0.1,1,0.163152909811625,0.836847090188375,0.581576454905813
"FixedCutoff",20,1,0.05,1,0.163152909811625,0.836847090188375,0.581576454905813
"FixedCutoff",20,1,0.025,1,0.163152909811625,0.836847090188375,0.581576454905813
"FixedCutoff",20,1,0.01,1,0.163152909811625,0.836847090188375,0.581576454905813
"GAMLSS",2,0.166666666666667,0.01,0.314285714285714,0.767826124822791,0.232173875177209,0.541055919554253
"GAMLSS",3,0.166666666666667,0.01,0.314285714285714,0.767427218819395,0.232572781180605,0.540856466552555
"GAMLSS",2,0.0833333333333333,0.01,0.333333333333333,0.766828914410639,0.233171085589361,0.550081123871986
"GAMLSS",3,0.0833333333333333,0.01,0.333333333333333,0.766670112939277,0.233329887060723,0.550001723136305
"GAMLSS",5,0.166666666666667,0.01,0.314285714285714,0.766603255335741,0.233396744664259,0.540444484810727
"GAMLSS",5,0.0833333333333333,0.01,0.333333333333333,0.766283724718878,0.233716275281122,0.549808529026106
"GAMLSS",7,0.0833333333333333,0.01,0.333333333333333,0.765857863034567,0.234142136965433,0.54959559818395
"GAMLSS",2,0.25,0.01,0.311111111111111,0.765773077653006,0.234226922346994,0.538442094382059
"GAMLSS",3,0.25,0.01,0.311111111111111,0.765425772051198,0.234574227948802,0.538268441581154
"GAMLSS",7,0.166666666666667,0.01,0.314285714285714,0.765380472980831,0.234619527019169,0.539833093633273
"GAMLSS",2,0.5,0.01,0.266666666666667,0.765366718729663,0.234633281270337,0.516016692698165
"GAMLSS",10,0.0833333333333333,0.01,0.333333333333333,0.765210964999162,0.234789035000838,0.549272149166248
"GAMLSS",2,1,0.01,0.266666666666667,0.765159394449672,0.234840605550328,0.51591303055817
"GAMLSS",5,0.25,0.01,0.311111111111111,0.764872661540938,0.235127338459062,0.537991886326024
"GAMLSS",3,0.5,0.01,0.266666666666667,0.764581579251482,0.235418420748518,0.515624122959074
"GAMLSS",10,0.166666666666667,0.01,0.314285714285714,0.764391620457227,0.235608379542773,0.53933866737147
"GAMLSS",7,0.25,0.01,0.311111111111111,0.764273716925732,0.235726283074268,0.537692414018421
"GAMLSS",3,1,0.01,0.266666666666667,0.76346719736014,0.23653280263986,0.515066932013403
"GAMLSS",5,0.5,0.01,0.266666666666667,0.763339626813628,0.236660373186372,0.515003146740147
"GAMLSS",10,0.25,0.01,0.311111111111111,0.763128917681033,0.236871082318967,0.537120014396072
"GAMLSS",20,0.0833333333333333,0.01,0.333333333333333,0.762904916183879,0.237095083816121,0.548119124758606
"GAMLSS",7,0.5,0.01,0.266666666666667,0.761765686119735,0.238234313880265,0.514216176393201
"GAMLSS",30,0.0833333333333333,0.01,0.333333333333333,0.760302355063358,0.239697644936642,0.546817844198346
"GAMLSS",5,1,0.01,0.266666666666667,0.760207869339272,0.239792130660728,0.51343726800297
"GAMLSS",20,0.166666666666667,0.01,0.36,0.759717314487632,0.240282685512368,0.559858657243816
"GAMLSS",10,0.5,0.01,0.28,0.759341903070567,0.240658096929433,0.519670951535284
"GAMLSS",20,0.25,0.01,0.314285714285714,0.758918673203857,0.241081326796143,0.536602193744786
"GAMLSS",7,1,0.01,0.3,0.756328868932415,0.243671131067585,0.528164434466207
"GAMLSS",30,0.25,0.01,0.333333333333333,0.754247315090104,0.245752684909896,0.543790324211719
"GAMLSS",30,0.166666666666667,0.01,0.36,0.753939958288422,0.246060041711578,0.556969979144211
"GAMLSS",10,1,0.01,0.3,0.750118734078839,0.249881265921161,0.52505936703942
"GAMLSS",20,0.5,0.01,0.3,0.749675331821884,0.250324668178116,0.524837665910942
"GAMLSS",30,0.5,0.01,0.3,0.737082774294242,0.262917225705758,0.518541387147121
"GAMLSS",20,1,0.01,0.2,0.725611253376364,0.274388746623636,0.462805626688182
"GAMLSS",2,0.166666666666667,0.025,0.457142857142857,0.6462644609705,0.3537355390295,0.551703659056679
"GAMLSS",3,0.166666666666667,0.025,0.457142857142857,0.645594084775129,0.354405915224871,0.551368470958993
"GAMLSS",2,0.0833333333333333,0.025,0.533333333333333,0.644885764843708,0.355114235156292,0.589109549088521
"GAMLSS",3,0.0833333333333333,0.025,0.533333333333333,0.644644984688703,0.355355015311297,0.588989159011018
"GAMLSS",5,0.166666666666667,0.025,0.457142857142857,0.644237598780118,0.355762401219882,0.550690227961488
"GAMLSS",5,0.0833333333333333,0.025,0.533333333333333,0.644020443437835,0.355979556562165,0.588676888385584
"GAMLSS",2,0.25,0.025,0.511111111111111,0.643812108070566,0.356187891929434,0.577461609590839
"GAMLSS",7,0.0833333333333333,0.025,0.533333333333333,0.643322108301512,0.356677891698488,0.588327720817423
"GAMLSS",3,0.25,0.025,0.511111111111111,0.643235680499123,0.356764319500877,0.577173395805117
"GAMLSS",2,0.5,0.025,0.433333333333333,0.643018677599896,0.356981322400104,0.538176005466615
"GAMLSS",2,1,0.025,0.466666666666667,0.6427781354729,0.3572218645271,0.554722401069784
"GAMLSS",5,0.25,0.025,0.511111111111111,0.642379295686877,0.357620704313123,0.576745203398994
"GAMLSS",10,0.0833333333333333,0.025,0.533333333333333,0.642235665198775,0.357764334801225,0.587784499266054
"GAMLSS",7,0.166666666666667,0.025,0.457142857142857,0.642129374465912,0.357870625534088,0.549636115804385
"GAMLSS",3,0.5,0.025,0.433333333333333,0.641696795602001,0.358303204397999,0.537515064467667
"GAMLSS",7,0.25,0.025,0.511111111111111,0.641480587912525,0.358519412087475,0.576295849511818
"GAMLSS",10,0.166666666666667,0.025,0.457142857142857,0.640636936716886,0.359363063283114,0.548889896929872
"GAMLSS",3,1,0.025,0.466666666666667,0.639859842492899,0.360140157507101,0.553263254579783
"GAMLSS",5,0.5,0.025,0.433333333333333,0.639749281352588,0.360250718647412,0.536541307342961
"GAMLSS",10,0.25,0.025,0.511111111111111,0.639614048166857,0.360385951833143,0.575362579638984
"GAMLSS",20,0.0833333333333333,0.025,0.533333333333333,0.638486787855573,0.361513212144427,0.585910060594453
"GAMLSS",7,0.5,0.025,0.433333333333333,0.637145012191058,0.362854987808942,0.535239172762195
"GAMLSS",5,1,0.025,0.466666666666667,0.634526590254767,0.365473409745233,0.550596628460717
"GAMLSS",30,0.0833333333333333,0.025,0.533333333333333,0.634107929699935,0.365892070300065,0.583720631516634
"GAMLSS",10,0.5,0.025,0.48,0.633215859841549,0.366784140158451,0.556607929920774
"GAMLSS",20,0.166666666666667,0.025,0.56,0.633070081495438,0.366929918504562,0.596535040747719
"GAMLSS",20,0.25,0.025,0.542857142857143,0.632932412436742,0.367067587563258,0.587894777646943
"GAMLSS",7,1,0.025,0.6,0.628164434466207,0.371835565533793,0.614082217233104
"GAMLSS",30,0.25,0.025,0.6,0.625659850737213,0.374340149262787,0.612829925368606
"GAMLSS",30,0.166666666666667,0.025,0.56,0.623868716954417,0.376131283045583,0.591934358477209
"GAMLSS",10,1,0.025,0.6,0.618475022667415,0.381524977332585,0.609237511333708
"GAMLSS",20,0.5,0.025,0.55,0.618157205432414,0.381842794567586,0.584078602716207
"GAMLSS",30,0.5,0.025,0.55,0.598874620081597,0.401125379918403,0.574437310040798
"GAMLSS",20,1,0.025,0.6,0.583575963798365,0.416424036201635,0.591787981899183
"GAMLSS",2,0.166666666666667,0.05,0.6,0.536852189648582,0.463147810351418,0.568426094824291
"GAMLSS",3,0.166666666666667,0.05,0.6,0.535976963810732,0.464023036189268,0.567988481905366
"GAMLSS",2,0.0833333333333333,0.05,0.65,0.535094039968825,0.464905960031175,0.592547019984413
"GAMLSS",3,0.0833333333333333,0.05,0.65,0.534854124203665,0.465145875796335,0.592427062101832
"GAMLSS",2,0.25,0.05,0.6,0.534437297347498,0.465562702652502,0.567218648673749
"GAMLSS",5,0.166666666666667,0.05,0.6,0.534219767447636,0.465780232552364,0.567109883723818
"GAMLSS",5,0.0833333333333333,0.05,0.65,0.534097230500258,0.465902769499742,0.592048615250129
"GAMLSS",3,0.25,0.05,0.6,0.533698565507929,0.466301434492071,0.566849282753964
"GAMLSS",7,0.0833333333333333,0.05,0.65,0.533194022670555,0.466805977329445,0.591597011335278
"GAMLSS",2,0.5,0.05,0.533333333333333,0.532840361837824,0.467159638162176,0.533086847585579
"GAMLSS",5,0.25,0.05,0.6,0.532691998167614,0.467308001832386,0.566345999083807
"GAMLSS",2,1,0.05,0.533333333333333,0.532497977646806,0.467502022353194,0.53291565549007
"GAMLSS",10,0.0833333333333333,0.05,0.65,0.531864425719089,0.468135574280911,0.590932212859545
"GAMLSS",7,0.25,0.05,0.6,0.531667944191034,0.468332055808966,0.565833972095517
"GAMLSS",7,0.166666666666667,0.05,0.6,0.531413228698418,0.468586771301582,0.565706614349209
"GAMLSS",3,0.5,0.05,0.533333333333333,0.531210275205124,0.468789724794876,0.532271804269229
"GAMLSS",10,0.166666666666667,0.05,0.6,0.529734280561893,0.470265719438107,0.564867140280946
"GAMLSS",10,0.25,0.05,0.6,0.529454106093909,0.470545893906091,0.564727053046954
"GAMLSS",5,0.5,0.05,0.533333333333333,0.528967018761375,0.471032981238625,0.531150176047354
"GAMLSS",3,1,0.05,0.533333333333333,0.528890476433468,0.471109523566532,0.531111904883401
"GAMLSS",20,0.0833333333333333,0.05,0.65,0.527304743816865,0.472695256183135,0.588652371908433
"GAMLSS",7,0.5,0.05,0.533333333333333,0.525943272114929,0.474056727885071,0.529638302724131
"GAMLSS",5,1,0.05,0.533333333333333,0.522661017256052,0.477338982743948,0.527997175294693
"GAMLSS",30,0.0833333333333333,0.05,0.65,0.522249401042103,0.477750598957897,0.586124700521051
"GAMLSS",20,0.25,0.05,0.628571428571429,0.521626999772714,0.478373000227286,0.575099214172071
"GAMLSS",10,0.5,0.05,0.56,0.521490287733375,0.478509712266625,0.540745143866687
"GAMLSS",20,0.166666666666667,0.05,0.68,0.521135552742954,0.478864447257046,0.600567776371477
"GAMLSS",7,1,0.05,0.6,0.515135093287915,0.484864906712085,0.557567546643958
"GAMLSS",30,0.25,0.05,0.666666666666667,0.513293084966527,0.486706915033473,0.589979875816597
"GAMLSS",30,0.166666666666667,0.05,0.68,0.510488484670676,0.489511515329324,0.595244242335338
"GAMLSS",20,0.5,0.05,0.6,0.503973058044067,0.496026941955933,0.551986529022033
"GAMLSS",10,1,0.05,0.6,0.503669962436855,0.496330037563145,0.551834981218428
"GAMLSS",30,0.5,0.05,0.6,0.481846061170286,0.518153938829714,0.540923030585143
"GAMLSS",20,1,0.05,0.6,0.465955730171537,0.534044269828463,0.532977865085768
"GAMLSS",2,0.166666666666667,0.1,0.8,0.428112465344475,0.571887534655525,0.614056232672237
"GAMLSS",3,0.166666666666667,0.1,0.8,0.427179775006711,0.572820224993289,0.613589887503355
"GAMLSS",2,0.0833333333333333,0.1,0.816666666666667,0.426022871539981,0.573977128460019,0.621344769103324
"GAMLSS",3,0.0833333333333333,0.1,0.816666666666667,0.425757441487214,0.574242558512786,0.62121205407694
"GAMLSS",2,0.25,0.1,0.777777777777778,0.425571263017206,0.574428736982795,0.601674520397492
"GAMLSS",5,0.166666666666667,0.1,0.8,0.425319498735913,0.574680501264087,0.612659749367956
"GAMLSS",5,0.0833333333333333,0.1,0.816666666666667,0.424933941272301,0.575066058727699,0.620800303969484
"GAMLSS",3,0.25,0.1,0.777777777777778,0.424787795225952,0.575212204774048,0.601282786501865
"GAMLSS",2,1,0.1,0.8,0.42405031944926,0.57594968055074,0.61202515972463
"GAMLSS",7,0.0833333333333333,0.1,0.816666666666667,0.423975465287591,0.576024534712409,0.620321065977129
"GAMLSS",2,0.5,0.1,0.766666666666667,0.423931081608747,0.576068918391253,0.595298874137707
"GAMLSS",5,0.25,0.1,0.777777777777778,0.423739305921826,0.576260694078174,0.600758541849802
"GAMLSS",7,0.25,0.1,0.777777777777778,0.422709775784002,0.577290224215998,0.60024377678089
"GAMLSS",10,0.0833333333333333,0.1,0.816666666666667,0.422493790665427,0.577506209334573,0.619580228666047
"GAMLSS",3,0.5,0.1,0.766666666666667,0.422160038300893,0.577839961699107,0.59441335248378
"GAMLSS",7,0.166666666666667,0.1,0.8,0.422031987136378,0.577968012863622,0.611015993568189
"GAMLSS",10,0.166666666666667,0.1,0.8,0.420385508858181,0.579614491141819,0.61019275442909
"GAMLSS",10,0.25,0.1,0.777777777777778,0.420283893966075,0.579716106033925,0.599030835871926
"GAMLSS",3,1,0.1,0.8,0.420217380211257,0.579782619788743,0.610108690105628
"GAMLSS",5,0.5,0.1,0.766666666666667,0.419885696790325,0.580114303209675,0.593276181728496
"GAMLSS",20,0.0833333333333333,0.1,0.816666666666667,0.417511211835868,0.582488788164132,0.617088939251268
"GAMLSS",7,0.5,0.1,0.766666666666667,0.416618428669157,0.583381571330843,0.591642547667912
"GAMLSS",5,1,0.1,0.8,0.413529614138012,0.586470385861988,0.606764807069006
"GAMLSS",30,0.0833333333333333,0.1,0.816666666666667,0.411990885787525,0.588009114212475,0.614328776227096
"GAMLSS",10,0.5,0.1,0.8,0.41177986142422,0.58822013857578,0.60588993071211
"GAMLSS",20,0.25,0.1,0.828571428571429,0.411606451223868,0.588393548776132,0.620088939897648
"GAMLSS",20,0.166666666666667,0.1,0.88,0.411153936464484,0.588846063535516,0.645576968232242
"GAMLSS",7,1,0.1,0.9,0.405357281102423,0.594642718897577,0.652678640551212
"GAMLSS",30,0.25,0.1,0.866666666666667,0.402711202799183,0.597288797200817,0.634688934732925
"GAMLSS",30,0.166666666666667,0.1,0.88,0.399863512574064,0.600136487425937,0.639931756287032
"GAMLSS",20,0.5,0.1,0.85,0.393244700754991,0.606755299245009,0.621622350377496
"GAMLSS",10,1,0.1,0.9,0.392901860886836,0.607098139113164,0.646450930443418
"GAMLSS",30,0.5,0.1,0.85,0.369554502888749,0.630445497111251,0.609777251444374
"GAMLSS",20,1,0.1,0.8,0.353913073981829,0.646086926018171,0.576956536990915
"PJQM2",20,1,0.01,0,0.998912547795278,0.00108745220472162,0.499456273897639
"PJQM2",20,1,0.025,0,0.996983197109482,0.00301680289051809,0.498491598554741
"PJQM2",10,0.0833333333333333,0.01,0.55,0.992345630101432,0.00765436989856816,0.771172815050716
"PJQM2",5,0.25,0.01,0.488888888888889,0.992001881910139,0.00799811808986117,0.740445385399514
"PJQM2",20,0.0833333333333333,0.01,0.55,0.991982805858351,0.00801719414164948,0.770991402929175
"PJQM2",7,0.25,0.01,0.488888888888889,0.991928559161944,0.008071440838056,0.740408724025416
"PJQM2",10,0.25,0.01,0.488888888888889,0.991743681366941,0.00825631863305865,0.740316285127915
"PJQM2",30,0.0833333333333333,0.01,0.55,0.991583873651996,0.00841612634800426,0.770791936825998
"PJQM2",2,0.166666666666667,0.01,0.4,0.991450427478626,0.00854957252137389,0.695725213739313
"PJQM2",3,0.166666666666667,0.01,0.4,0.991380951218917,0.00861904878108299,0.695690475609459
"PJQM2",20,0.25,0.01,0.485714285714286,0.991256430118699,0.00874356988130087,0.738485357916492
"PJQM2",5,0.166666666666667,0.01,0.4,0.991228375163288,0.00877162483671168,0.695614187581644
"PJQM2",5,0.5,0.01,0.3,0.991163613478253,0.00883638652174656,0.645581806739127
"PJQM2",7,0.166666666666667,0.01,0.4,0.991070299898365,0.00892970010163474,0.695535149949183
"PJQM2",10,0.166666666666667,0.01,0.4,0.99093654019052,0.0090634598094802,0.69546827009526
"PJQM2",7,0.5,0.01,0.3,0.990887403743269,0.00911259625673144,0.645443701871634
"PJQM2",30,0.25,0.01,0.566666666666667,0.990468822684708,0.00953117731529241,0.778567744675687
"PJQM2",10,0.5,0.01,0.36,0.990439559428398,0.0095604405716021,0.675219779714199
"PJQM2",20,0.166666666666667,0.01,0.56,0.990344250934935,0.00965574906506461,0.775172125467468
"PJQM2",20,0.5,0.01,0.45,0.989797715216482,0.0102022847835178,0.719898857608241
"PJQM2",5,1,0.01,0.333333333333333,0.98955221178047,0.0104477882195303,0.661442772556902
"PJQM2",30,0.166666666666667,0.01,0.56,0.989246831769681,0.0107531682303194,0.77462341588484
"PJQM2",7,1,0.01,0.5,0.988832546256871,0.0111674537431292,0.744416273128435
"PJQM2",2,0.0833333333333333,0.01,0.55,0.98831179016612,0.0116882098338799,0.76915589508306
"PJQM2",3,0.0833333333333333,0.01,0.55,0.988272826632795,0.0117271733672053,0.769136413316397
"PJQM2",5,0.0833333333333333,0.01,0.55,0.98817648110621,0.0118235188937895,0.769088240553105
"PJQM2",7,0.0833333333333333,0.01,0.55,0.988070898102769,0.0119291018972308,0.769035449051385
"PJQM2",10,1,0.01,0.5,0.98780277190104,0.0121972280989595,0.74390138595052
"PJQM2",30,0.5,0.01,0.45,0.987308671723118,0.0126913282768818,0.718654335861559
"PJQM2",2,0.25,0.01,0.488888888888889,0.985100119925864,0.014899880074136,0.736994504407376
"PJQM2",3,0.25,0.01,0.488888888888889,0.985012465886583,0.0149875341134172,0.736950677387736
"PJQM2",20,0.5,0.025,0.45,0.984371904646607,0.015628095353393,0.717185952323304
"PJQM2",10,0.0833333333333333,0.025,0.55,0.983091308963282,0.0169086910367177,0.766545654481641
"PJQM2",20,0.0833333333333333,0.025,0.55,0.98234302099792,0.0176569790020801,0.76617151049896
"PJQM2",20,1,0.05,0,0.982249973690672,0.0177500263093275,0.491124986845336
"PJQM2",30,0.5,0.025,0.45,0.981859751923551,0.0181402480764492,0.715929875961775
"PJQM2",30,0.0833333333333333,0.025,0.55,0.981464417153931,0.0185355828460693,0.765732208576965
"PJQM2",20,0.25,0.025,0.514285714285714,0.980151864444517,0.0198481355554834,0.747218789365115
"PJQM2",3,0.0833333333333333,0.025,0.55,0.979250977264447,0.0207490227355527,0.764625488632224
"PJQM2",10,0.166666666666667,0.025,0.4,0.979123900198003,0.0208760998019967,0.689561950099002
"PJQM2",5,0.0833333333333333,0.025,0.55,0.979079747288115,0.0209202527118846,0.764539873644058
"PJQM2",7,0.0833333333333333,0.025,0.55,0.978892931236658,0.0211070687633422,0.764446465618329
"PJQM2",30,0.25,0.025,0.6,0.978677466982181,0.0213225330178185,0.789338733491091
"PJQM2",2,0.0833333333333333,0.025,0.55,0.978253410388757,0.0217465896112427,0.764126705194379
"PJQM2",20,0.166666666666667,0.025,0.56,0.977349651511073,0.0226503484889268,0.768674825755537
"PJQM2",2,0.5,0.01,0.3,0.977141090719771,0.022858909280229,0.638570545359885
"PJQM2",3,0.5,0.01,0.3,0.976804847044063,0.0231951529559374,0.638402423522031
"PJQM2",5,0.25,0.025,0.511111111111111,0.975650724081434,0.0243492759185662,0.743380917596272
"PJQM2",5,0.5,0.025,0.3,0.975565987991359,0.0244340120086408,0.63778299399568
"PJQM2",7,0.25,0.025,0.511111111111111,0.975333308201706,0.0246666917982936,0.743222209656409
"PJQM2",30,0.166666666666667,0.025,0.56,0.975183524564548,0.0248164754354523,0.767591762282274
"PJQM2",20,0.5,0.05,0.45,0.97506108164029,0.0249389183597103,0.712530540820145
"PJQM2",7,0.5,0.025,0.3,0.974802224210212,0.0251977757897875,0.637401112105106
"PJQM2",10,0.25,0.025,0.511111111111111,0.974768313217394,0.0252316867826065,0.742939712164252
"PJQM2",10,0.5,0.025,0.36,0.97359146829596,0.0264085317040404,0.66679573414798
"PJQM2",2,0.166666666666667,0.025,0.4,0.972212679688596,0.0277873203114037,0.686106339844298
"PJQM2",3,0.166666666666667,0.025,0.4,0.971995412284341,0.0280045877156593,0.68599770614217
"PJQM2",5,0.166666666666667,0.025,0.4,0.971499669698159,0.0285003303018413,0.685749834849079
"PJQM2",30,0.5,0.05,0.45,0.971400016428904,0.0285999835710961,0.710700008214452
"PJQM2",7,0.166666666666667,0.025,0.4,0.970986059352673,0.0290139406473274,0.685493029676336
"PJQM2",2,0.25,0.025,0.511111111111111,0.969029246566769,0.0309707534332312,0.74007017883894
"PJQM2",3,0.25,0.025,0.511111111111111,0.968825115609405,0.031174884390595,0.739968113360258
"PJQM2",5,0.5,0.05,0.3,0.968209419809154,0.0317905801908456,0.634104709904577
"PJQM2",7,0.5,0.05,0.3,0.967215702783771,0.032784297216229,0.633607851391885
"PJQM2",20,0.25,0.05,0.514285714285714,0.965726133765023,0.0342738662349771,0.740005924025369
"PJQM2",10,0.5,0.05,0.36,0.965632102468784,0.0343678975312164,0.662816051234392
"PJQM2",30,0.25,0.05,0.6,0.963098921990979,0.0369010780090205,0.78154946099549
"PJQM2",7,0.25,0.05,0.511111111111111,0.962289993842751,0.0377100061572486,0.736700552476931
"PJQM2",2,0.5,0.025,0.3,0.96222178836392,0.0377782116360796,0.63111089418196
"PJQM2",3,0.5,0.025,0.3,0.961666088851468,0.0383339111485316,0.630833044425734
"PJQM2",10,0.25,0.05,0.511111111111111,0.961426239411818,0.0385737605881824,0.736268675261464
"PJQM2",2,1,0.01,0.333333333333333,0.961121291664603,0.038878708335397,0.647227312498968
"PJQM2",3,1,0.01,0.333333333333333,0.959942848395163,0.0400571516048375,0.646638090864248
"PJQM2",20,0.166666666666667,0.05,0.56,0.95894302191729,0.0410569780827096,0.759471510958645
"PJQM2",20,0.0833333333333333,0.05,0.583333333333333,0.958137159455448,0.0418628405445521,0.770735246394391
"PJQM2",5,0.25,0.05,0.511111111111111,0.956480828040461,0.0435191719595389,0.733795969575786
"PJQM2",30,0.0833333333333333,0.05,0.583333333333333,0.956054082128437,0.0439459178715633,0.769693707730885
"PJQM2",10,0.0833333333333333,0.05,0.583333333333333,0.95561278132476,0.0443872186752404,0.769473057329046
"PJQM2",10,0.166666666666667,0.05,0.4,0.955321924322189,0.0446780756778107,0.677660962161095
"PJQM2",2,0.5,0.05,0.3,0.955177014187166,0.0448229858128335,0.627588507093583
"PJQM2",30,0.166666666666667,0.05,0.56,0.954882614435778,0.0451173855642224,0.757441307217889
"PJQM2",3,0.5,0.05,0.3,0.954517689399567,0.0454823106004325,0.627258844699784
"PJQM2",3,0.0833333333333333,0.05,0.583333333333333,0.952616213235656,0.0473837867643438,0.767974773284495
"PJQM2",5,1,0.025,0.333333333333333,0.952342151483876,0.0476578485161243,0.642837742408604
"PJQM2",5,0.0833333333333333,0.05,0.583333333333333,0.952209242261692,0.0477907577383081,0.767771287797513
"PJQM2",7,0.0833333333333333,0.05,0.583333333333333,0.95178247491907,0.0482175250809305,0.767557904126202
"PJQM2",2,0.25,0.05,0.511111111111111,0.950232785389234,0.0497672146107658,0.730671948250173
"PJQM2",3,0.25,0.05,0.511111111111111,0.949892423262605,0.0501075767373949,0.730501767186858
"PJQM2",2,0.166666666666667,0.05,0.4,0.949868635600478,0.0501313643995219,0.674934317800239
"PJQM2",3,0.166666666666667,0.05,0.4,0.94945703897118,0.0505429610288196,0.67472851948559
"PJQM2",7,1,0.025,0.5,0.949059379112797,0.0509406208872029,0.724529689556399
"PJQM2",5,0.166666666666667,0.05,0.4,0.948562317775206,0.0514376822247939,0.674281158887603
"PJQM2",2,0.0833333333333333,0.05,0.583333333333333,0.948472861491405,0.0515271385085952,0.765903097412369
"PJQM2",7,0.166666666666667,0.05,0.4,0.947635348667877,0.0523646513321232,0.673817674333938
"PJQM2",10,1,0.025,0.5,0.944302923017141,0.0556970769828591,0.72215146150857
"PJQM2",5,1,0.05,0.333333333333333,0.93331160483097,0.0666883951690297,0.633322469082152
"PJQM2",30,0.5,0.1,0.5,0.930957531283371,0.0690424687166288,0.715478765641686
"PJQM2",7,1,0.05,0.5,0.928717968568553,0.071282031431447,0.714358984284277
"PJQM2",2,1,0.025,0.333333333333333,0.92717877602232,0.0728212239776799,0.630256054677827
"PJQM2",20,1,0.1,0,0.926439120216087,0.0735608797839127,0.463219560108044
"PJQM2",3,1,0.025,0.333333333333333,0.924971509244612,0.0750284907553878,0.629152421288973
"PJQM2",10,1,0.05,0.5,0.921613919951643,0.0783860800483571,0.710806959975821
"PJQM2",5,0.5,0.1,0.333333333333333,0.920344950757769,0.079655049242231,0.626839142045551
"PJQM2",7,0.25,0.1,0.555555555555556,0.919059406977377,0.0809405930226227,0.737307481266466
"PJQM2",20,0.25,0.1,0.571428571428571,0.918042368046311,0.0819576319536892,0.744735469737441
"PJQM2",7,0.5,0.1,0.333333333333333,0.917934010419407,0.0820659895805925,0.62563367187637
"PJQM2",10,0.25,0.1,0.555555555555556,0.917205448227698,0.0827945517723021,0.736380501891627
"PJQM2",20,0.5,0.1,0.5,0.916939974907002,0.0830600250929981,0.708469987453501
"PJQM2",10,0.5,0.1,0.4,0.91423208222531,0.0857679177746902,0.657116041112655
"PJQM2",30,0.25,0.1,0.666666666666667,0.913905911858099,0.0860940881419008,0.790286289262383
"PJQM2",5,0.25,0.1,0.555555555555556,0.913052449991127,0.086947550008873,0.734304002773341
"PJQM2",2,1,0.05,0.333333333333333,0.909101414821785,0.0908985851782147,0.621217374077559
"PJQM2",3,0.5,0.1,0.333333333333333,0.908028329453717,0.091971670546283,0.620680831393525
"PJQM2",20,0.0833333333333333,0.1,0.583333333333333,0.907882066914577,0.0921179330854227,0.745607700123955
"PJQM2",2,0.25,0.1,0.555555555555556,0.907729767053094,0.0922702329469055,0.731642661304325
"PJQM2",3,0.25,0.1,0.555555555555556,0.907093557190559,0.0929064428094407,0.731324556373057
"PJQM2",3,1,0.05,0.333333333333333,0.907077613920498,0.092922386079502,0.620205473626916
"PJQM2",30,0.166666666666667,0.1,0.6,0.905549425668565,0.0944505743314349,0.752774712834283
"PJQM2",20,0.166666666666667,0.1,0.6,0.905429783919684,0.0945702160803157,0.752714891959842
"PJQM2",10,0.166666666666667,0.1,0.428571428571429,0.905218245409805,0.0947817545901954,0.666894836990617
"PJQM2",30,0.0833333333333333,0.1,0.583333333333333,0.903373710634923,0.0966262893650767,0.743353521984128
"PJQM2",10,0.0833333333333333,0.1,0.583333333333333,0.903205489610475,0.0967945103895247,0.743269411471904
"PJQM2",5,0.0833333333333333,0.1,0.583333333333333,0.900936742559701,0.0990632574402988,0.742135037946517
"PJQM2",7,0.0833333333333333,0.1,0.583333333333333,0.900052116219169,0.0999478837808313,0.741692724776251
"PJQM2",3,0.0833333333333333,0.1,0.583333333333333,0.897707244065026,0.102292755934974,0.74052028869918
"PJQM2",2,0.5,0.1,0.333333333333333,0.89535337758688,0.10464662241312,0.614343355460107
"PJQM2",2,0.166666666666667,0.1,0.428571428571429,0.894618172317191,0.105381827682809,0.66159480044431
"PJQM2",2,0.0833333333333333,0.1,0.583333333333333,0.89379635212172,0.10620364787828,0.738564842727527
"PJQM2",3,0.166666666666667,0.1,0.428571428571429,0.89372605480856,0.10627394519144,0.661148741689994
"PJQM2",5,0.166666666666667,0.1,0.428571428571429,0.891844773035449,0.108155226964551,0.660208100803439
"PJQM2",7,0.166666666666667,0.1,0.428571428571429,0.889895685326672,0.110104314673328,0.65923355694905
"PJQM2",5,1,0.1,0.333333333333333,0.793923262172488,0.206076737827512,0.563628297752911
"PJQM2",10,1,0.1,0.5,0.788588575622814,0.211411424377186,0.644294287811407
"PJQM2",7,1,0.1,0.5,0.779825036773245,0.220174963226755,0.639912518386622
"PJQM2",3,1,0.1,0.333333333333333,0.775220697045466,0.224779302954534,0.5542770151894
"PJQM2",2,1,0.1,0.333333333333333,0.753008766282007,0.246991233717993,0.54317104980767
"WithinPerson",2,0.25,0.01,0.644444444444444,0.949974359284967,0.0500256407150327,0.797209401864706
"WithinPerson",3,0.25,0.01,0.644444444444444,0.949611788295488,0.0503882117045117,0.797028116369966
"WithinPerson",5,0.25,0.01,0.644444444444444,0.94887064756693,0.0511293524330705,0.796657546005687
"WithinPerson",7,0.25,0.01,0.644444444444444,0.948107379064517,0.051892620935483,0.796275911754481
"WithinPerson",10,0.25,0.01,0.644444444444444,0.946923053852449,0.0530769461475512,0.795683749148447
"WithinPerson",20,0.25,0.01,0.571428571428571,0.943646880377759,0.0563531196222407,0.757537725903165
"WithinPerson",30,0.25,0.01,0.666666666666667,0.942049430657525,0.0579505693424752,0.804358048662096
"WithinPerson",2,0.166666666666667,0.01,0.506666666666667,0.937571670654711,0.0624283293452894,0.722119168660689
"WithinPerson",2,0.5,0.01,0.433333333333333,0.937443056097878,0.0625569439021215,0.685388194715606
"WithinPerson",3,0.166666666666667,0.01,0.506666666666667,0.937271473712899,0.0627285262871006,0.721969070189783
"WithinPerson",5,0.166666666666667,0.01,0.506666666666667,0.936662334442274,0.0633376655577262,0.72166450055447
"WithinPerson",3,0.5,0.01,0.433333333333333,0.936522873227346,0.0634771267726545,0.684928103280339
"WithinPerson",7,0.166666666666667,0.01,0.506666666666667,0.936041248799707,0.0639587512002927,0.721353957733187
"WithinPerson",2,1,0.01,0.4,0.936011094051805,0.0639889059481947,0.668005547025903
"WithinPerson",10,0.166666666666667,0.01,0.506666666666667,0.935086440644835,0.0649135593551649,0.720876553655751
"WithinPerson",5,0.5,0.01,0.433333333333333,0.934598833154735,0.0654011668452654,0.683966083244034
"WithinPerson",3,1,0.01,0.4,0.934071541562484,0.0659284584375159,0.667035770781242
"WithinPerson",7,0.5,0.01,0.433333333333333,0.932554508937185,0.0674454910628146,0.682943921135259
"WithinPerson",20,0.166666666666667,0.01,0.506666666666667,0.932195470294193,0.0678045297058072,0.71943106848043
"WithinPerson",2,0.0833333333333333,0.01,0.533333333333333,0.931900260948309,0.0680997390516913,0.732616797140821
"WithinPerson",3,0.0833333333333333,0.01,0.533333333333333,0.931737310097942,0.068262689902058,0.732535321715638
"WithinPerson",5,0.0833333333333333,0.01,0.533333333333333,0.931409057668904,0.0685909423310963,0.732371195501119
"WithinPerson",7,0.0833333333333333,0.01,0.533333333333333,0.931077633073842,0.0689223669261576,0.732205483203588
"WithinPerson",10,0.0833333333333333,0.01,0.533333333333333,0.930574447048284,0.069425552951716,0.731953890190809
"WithinPerson",5,1,0.01,0.4,0.929816937367592,0.070183062632408,0.664908468683796
"WithinPerson",30,0.166666666666667,0.01,0.509090909090909,0.929581657555188,0.0704183424448117,0.719336283323049
"WithinPerson",10,0.5,0.01,0.44,0.929414687560385,0.0705853124396146,0.684707343780193
"WithinPerson",20,0.0833333333333333,0.01,0.533333333333333,0.92884277300009,0.0711572269999105,0.731088053166711
"WithinPerson",30,0.5,0.01,0.55,0.927137811122368,0.0728621888776321,0.738568905561184
"WithinPerson",30,0.0833333333333333,0.01,0.533333333333333,0.927038293913972,0.0729617060860278,0.730185813623653
"WithinPerson",7,1,0.01,0.6,0.92504064411241,0.07495935588759,0.762520322056205
"WithinPerson",20,0.5,0.01,0.55,0.922123660055909,0.077876339944091,0.736061830027954
"WithinPerson",10,1,0.01,0.6,0.917253141056086,0.0827468589439143,0.758626570528043
"WithinPerson",20,1,0.01,0.2,0.905637211912864,0.0943627880871365,0.552818605956432
"WithinPerson",2,1,0.025,0.666666666666667,0.678503623726743,0.321496376273257,0.672585145196705
"WithinPerson",2,0.166666666666667,0.025,0.6,0.671600024707073,0.328399975292927,0.635800012353537
"WithinPerson",3,0.166666666666667,0.025,0.6,0.670020859137409,0.329979140862591,0.635010429568704
"WithinPerson",3,1,0.025,0.666666666666667,0.668758823629467,0.331241176370533,0.667712745148067
"WithinPerson",2,0.25,0.025,0.777777777777778,0.667219860046113,0.332780139953887,0.722498818911945
"WithinPerson",5,0.166666666666667,0.025,0.6,0.666816523485288,0.333183476514712,0.633408261742644
"WithinPerson",3,0.25,0.025,0.777777777777778,0.664807968406197,0.335192031593803,0.721292873091987
"WithinPerson",7,0.166666666666667,0.025,0.6,0.663549344757094,0.336450655242906,0.631774672378547
"WithinPerson",5,0.25,0.025,0.777777777777778,0.659877758380897,0.340122241619103,0.718827768079337
"WithinPerson",10,0.166666666666667,0.025,0.6,0.659127020694932,0.340872979305068,0.629563510347466
"WithinPerson",7,0.25,0.025,0.777777777777778,0.654800350167335,0.345199649832665,0.716289063972556
"WithinPerson",10,0.25,0.025,0.777777777777778,0.648144577693801,0.351855422306199,0.712961177735789
"WithinPerson",5,1,0.025,0.666666666666667,0.647382620819527,0.352617379180473,0.657024643743097
"WithinPerson",20,0.166666666666667,0.025,0.6,0.64223728793636,0.35776271206364,0.62111864396818
"WithinPerson",2,0.0833333333333333,0.025,0.653333333333333,0.63840709007807,0.36159290992193,0.645870211705702
"WithinPerson",3,0.0833333333333333,0.025,0.653333333333333,0.637541861033454,0.362458138966546,0.645437597183394
"WithinPerson",5,0.0833333333333333,0.025,0.653333333333333,0.63579892115354,0.36420107884646,0.644566127243437
"WithinPerson",7,0.0833333333333333,0.025,0.653333333333333,0.634039137850157,0.365960862149843,0.643686235591745
"WithinPerson",10,0.0833333333333333,0.025,0.653333333333333,0.631386462583919,0.368613537416081,0.642359897958626
"WithinPerson",30,0.166666666666667,0.025,0.636363636363636,0.626784955672632,0.373215044327368,0.631574296018134
"WithinPerson",7,1,0.025,1,0.624622590384764,0.375377409615236,0.812311295192382
"WithinPerson",20,0.25,0.025,0.714285714285714,0.623131264872186,0.376868735127814,0.66870848957895
"WithinPerson",20,0.0833333333333333,0.025,0.653333333333333,0.622206172175938,0.377793827824062,0.637769752754636
"WithinPerson",30,0.0833333333333333,0.025,0.653333333333333,0.613236636750444,0.386763363249556,0.633284985041888
"WithinPerson",10,1,0.025,1,0.602694184188938,0.397305815811062,0.801347092094469
"WithinPerson",30,0.25,0.025,0.833333333333333,0.599827073599903,0.400172926400097,0.716580203466618
"WithinPerson",2,0.5,0.025,0.633333333333333,0.584163087335676,0.415836912664324,0.608748210334505
"WithinPerson",3,0.5,0.025,0.633333333333333,0.578046324269889,0.421953675730111,0.605689828801611
"WithinPerson",5,0.5,0.025,0.633333333333333,0.565256586892552,0.434743413107448,0.599294960112942
"WithinPerson",7,0.5,0.025,0.633333333333333,0.551719903874827,0.448280096125173,0.59252661860408
"WithinPerson",10,0.5,0.025,0.6,0.533185494630879,0.466814505369121,0.566592747315439
"WithinPerson",20,0.5,0.025,0.75,0.467533182188374,0.532466817811626,0.608766591094187
"WithinPerson",20,1,0.025,1,0.456589609569579,0.543410390430421,0.72829480478479
"WithinPerson",2,1,0.05,0.666666666666667,0.424215409505885,0.575784590494115,0.545441038086276
"WithinPerson",3,1,0.05,0.666666666666667,0.406762939905768,0.593237060094232,0.536714803286217
"WithinPerson",30,0.5,0.025,0.75,0.394690725883738,0.605309274116262,0.572345362941869
"WithinPerson",2,0.166666666666667,0.05,0.773333333333333,0.384920091416172,0.615079908583828,0.579126712374753
"WithinPerson",2,0.0833333333333333,0.05,0.86,0.384249063640309,0.615750936359691,0.622124531820155
"WithinPerson",3,0.0833333333333333,0.05,0.86,0.382775678571716,0.617224321428284,0.621387839285858
"WithinPerson",3,0.166666666666667,0.05,0.773333333333333,0.381962377995634,0.618037622004366,0.577647855664484
"WithinPerson",2,0.5,0.05,0.8,0.380246973838344,0.619753026161656,0.590123486919172
"WithinPerson",5,0.0833333333333333,0.05,0.86,0.379807653387519,0.620192346612481,0.619903826693759
"WithinPerson",7,0.0833333333333333,0.05,0.86,0.37681908031204,0.62318091968796,0.61840954015602
"WithinPerson",5,0.166666666666667,0.05,0.773333333333333,0.375960786557571,0.624039213442429,0.574647059945452
"WithinPerson",10,0.0833333333333333,0.05,0.86,0.372590310439575,0.627409689560425,0.616295155219788
"WithinPerson",3,0.5,0.05,0.8,0.371130701797831,0.628869298202169,0.585565350898915
"WithinPerson",7,0.166666666666667,0.05,0.773333333333333,0.369896520320372,0.630103479679628,0.571614926826852
"WithinPerson",5,1,0.05,0.666666666666667,0.368551614246655,0.631448385753345,0.517609140456661
"WithinPerson",2,0.25,0.05,0.777777777777778,0.364962265750869,0.635037734249131,0.571370021764323
"WithinPerson",10,0.166666666666667,0.05,0.773333333333333,0.362120818638005,0.637879181361995,0.567727075985669
"WithinPerson",3,0.25,0.05,0.777777777777778,0.360359700818722,0.639640299181278,0.56906873929825
"WithinPerson",20,0.0833333333333333,0.05,0.86,0.358120856848517,0.641879143151483,0.609060428424259
"WithinPerson",5,0.5,0.05,0.8,0.352069194264428,0.647930805735572,0.576034597132214
"WithinPerson",5,0.25,0.05,0.777777777777778,0.350951478908987,0.649048521091013,0.564364628343383
"WithinPerson",7,1,0.05,1,0.345281412092591,0.654718587907409,0.672640706046296
"WithinPerson",30,0.0833333333333333,0.05,0.86,0.34373223544814,0.65626776455186,0.60186611772407
"WithinPerson",7,0.25,0.05,0.777777777777778,0.342175477396196,0.657824522603804,0.559976627586987
"WithinPerson",7,0.5,0.05,0.8,0.336499500078935,0.663500499921065,0.568249750039467
"WithinPerson",20,0.166666666666667,0.05,0.773333333333333,0.33379764728009,0.66620235271991,0.553565490306712
"WithinPerson",10,0.25,0.05,0.777777777777778,0.331812319781317,0.668187680218683,0.554795048779547
"WithinPerson",10,1,0.05,1,0.320992185138811,0.679007814861189,0.660496092569405
"WithinPerson",10,0.5,0.05,0.8,0.317445273608951,0.682554726391049,0.558722636804476
"WithinPerson",30,0.166666666666667,0.05,0.836363636363636,0.305286724736191,0.694713275263809,0.570825180549914
"WithinPerson",2,1,0.1,0.666666666666667,0.295659782411305,0.704340217588695,0.481163224538986
"WithinPerson",20,0.25,0.05,0.714285714285714,0.288491421096819,0.711508578903181,0.501388567691267
"WithinPerson",3,1,0.1,0.666666666666667,0.274310693813679,0.725689306186321,0.470488680240173
"WithinPerson",2,0.5,0.1,0.833333333333333,0.267766497461929,0.732233502538071,0.550549915397631
"WithinPerson",3,0.5,0.1,0.833333333333333,0.256995691149522,0.743004308850478,0.545164512241428
"WithinPerson",2,0.25,0.1,1,0.246486010668153,0.753513989331847,0.623243005334076
"WithinPerson",30,0.25,0.05,0.833333333333333,0.245737515927432,0.754262484072568,0.539535424630383
"WithinPerson",3,0.25,0.1,1,0.241024765019055,0.758975234980945,0.620512382509527
"WithinPerson",5,0.5,0.1,0.833333333333333,0.234508683301866,0.765491316698134,0.5339210083176
"WithinPerson",5,0.25,0.1,1,0.229873672654938,0.770126327345062,0.614936836327469
"WithinPerson",5,1,0.1,0.666666666666667,0.227569848081554,0.772430151918446,0.44711825737411
"WithinPerson",20,0.5,0.05,1,0.225561841033655,0.774438158966345,0.612780920516828
"WithinPerson",7,0.5,0.1,0.833333333333333,0.223034959392377,0.776965040607623,0.528184146362855
"WithinPerson",7,0.25,0.1,1,0.222096564087743,0.777903435912257,0.611048282043871
"WithinPerson",10,0.25,0.1,1,0.214240114483048,0.785759885516952,0.607120057241524
"WithinPerson",10,0.5,0.1,0.8,0.214175952593465,0.785824047406535,0.507087976296733
"WithinPerson",7,1,0.1,1,0.204575365797012,0.795424634202988,0.602287682898506
"WithinPerson",10,1,0.1,1,0.188204308967661,0.811795691032339,0.594102154483831
"WithinPerson",20,0.25,0.1,1,0.167199320923803,0.832800679076197,0.583599660461902
"WithinPerson",30,0.5,0.05,1,0.154678130390734,0.845321869609266,0.577339065195367
"WithinPerson",30,0.25,0.1,1,0.12773800133487,0.87226199866513,0.563869000667435
"WithinPerson",20,0.5,0.1,1,0.122328366093637,0.877671633906363,0.561164183046818
"WithinPerson",20,1,0.05,1,0.116567860525485,0.883432139474515,0.558283930262742
"WithinPerson",30,0.5,0.1,1,0.0713698967717204,0.92863010322828,0.53568494838586
"WithinPerson",20,1,0.1,1,0.0501631178307082,0.949836882169292,0.525081558915354
"WithinSubject",2,0.166666666666667,0.01,0.786666666666667,0.470170237107339,0.529829762892661,0.628418451887003
"WithinSubject",2,0.0833333333333333,0.01,0.78,0.469913249422645,0.530086750577355,0.624956624711323
"WithinSubject",3,0.0833333333333333,0.01,0.78,0.468644843875466,0.531355156124534,0.624322421937733
"WithinSubject",3,0.166666666666667,0.01,0.786666666666667,0.467622463105232,0.532377536894768,0.627144564885949
"WithinSubject",2,1,0.01,0.666666666666667,0.467023261188979,0.532976738811021,0.566844963927823
"WithinSubject",5,0.0833333333333333,0.01,0.78,0.466089734767838,0.533910265232162,0.623044867383919
"WithinSubject",7,0.0833333333333333,0.01,0.78,0.463509933595265,0.536490066404735,0.621754966797632
"WithinSubject",5,0.166666666666667,0.01,0.786666666666667,0.462452692927031,0.537547307072969,0.624559679796849
"WithinSubject",10,0.0833333333333333,0.01,0.78,0.459593145529135,0.540406854470865,0.619796572764567
"WithinSubject",7,0.166666666666667,0.01,0.786666666666667,0.457181533788413,0.542818466211587,0.62192410022754
"WithinSubject",2,0.5,0.01,0.633333333333333,0.456112521150592,0.543887478849408,0.544722927241963
"WithinSubject",2,0.25,0.01,0.844444444444444,0.454438266445389,0.545561733554611,0.649441355444917
"WithinSubject",3,1,0.01,0.666666666666667,0.450868330186593,0.549131669813407,0.55876749842663
"WithinSubject",3,0.25,0.01,0.844444444444444,0.450484196997613,0.549515803002387,0.647464320721028
"WithinSubject",10,0.166666666666667,0.01,0.786666666666667,0.449078068845345,0.550921931154655,0.617872367756006
"WithinSubject",3,0.5,0.01,0.633333333333333,0.448112195202483,0.551887804797517,0.540722764267908
"WithinSubject",20,0.0833333333333333,0.01,0.78,0.44611383588641,0.553886164113589,0.613056917943205
"WithinSubject",5,0.25,0.01,0.844444444444444,0.442401581464836,0.557598418535164,0.64342301295464
"WithinSubject",7,0.25,0.01,0.844444444444444,0.434077648349899,0.565922351650101,0.639261046397172
"WithinSubject",30,0.0833333333333333,0.01,0.78,0.431944899025569,0.568055100974431,0.605972449512785
"WithinSubject",5,0.5,0.01,0.633333333333333,0.431384055382627,0.568615944617373,0.53235869435798
"WithinSubject",10,0.25,0.01,0.844444444444444,0.421115095738163,0.578884904261837,0.632779770091304
"WithinSubject",20,0.166666666666667,0.01,0.786666666666667,0.420227631381745,0.579772368618255,0.603447149024206
"WithinSubject",5,1,0.01,0.666666666666667,0.415430858094772,0.584569141905227,0.54104876238072
"WithinSubject",2,0.0833333333333333,0.025,0.833333333333333,0.415069898782063,0.584930101217937,0.624201616057698
"WithinSubject",3,0.0833333333333333,0.025,0.833333333333333,0.413670262620078,0.586329737379922,0.623501797976706
"WithinSubject",7,0.5,0.01,0.633333333333333,0.413610131733586,0.586389868266414,0.52347173253346
"WithinSubject",5,0.0833333333333333,0.025,0.833333333333333,0.410850799150523,0.589149200849477,0.622092066241928
"WithinSubject",2,0.166666666666667,0.025,0.8,0.408391811216474,0.591608188783526,0.604195905608237
"WithinSubject",7,0.0833333333333333,0.025,0.833333333333333,0.40800408894818,0.59199591105182,0.620668711140757
"WithinSubject",3,0.166666666666667,0.025,0.8,0.405546965440754,0.594453034559246,0.602773482720377
"WithinSubject",10,0.0833333333333333,0.025,0.833333333333333,0.403682065736932,0.596317934263068,0.618507699535133
"WithinSubject",2,0.5,0.025,0.766666666666667,0.402731680333203,0.597268319666797,0.584699173499935
"WithinSubject",5,0.166666666666667,0.025,0.8,0.399774397371239,0.600225602628761,0.599887198685619
"WithinSubject",2,0.25,0.025,0.911111111111111,0.398686872357694,0.601313127642306,0.654898991734403
"WithinSubject",2,1,0.025,0.666666666666667,0.396777442094663,0.603222557905337,0.531722054380665
"WithinSubject",3,0.25,0.025,0.911111111111111,0.394328733360177,0.605671266639823,0.652719922235644
"WithinSubject",3,0.5,0.025,0.766666666666667,0.393946147623529,0.606053852376471,0.580306407145098
"WithinSubject",7,0.166666666666667,0.025,0.8,0.393888618335796,0.606111381664204,0.596944309167898
"WithinSubject",20,0.0833333333333333,0.025,0.833333333333333,0.388808172086357,0.611191827913643,0.611070752709845
"WithinSubject",30,0.166666666666667,0.01,0.890909090909091,0.388232703953958,0.611767296046042,0.639570897431524
"WithinSubject",5,0.25,0.025,0.911111111111111,0.385420148819473,0.614579851180527,0.648265629965292
"WithinSubject",10,0.166666666666667,0.025,0.8,0.384840285166165,0.615159714833835,0.592420142583083
"WithinSubject",10,0.5,0.01,0.76,0.38479163024375,0.61520836975625,0.572395815121875
"WithinSubject",3,1,0.025,0.666666666666667,0.37849330679866,0.62150669320134,0.522579986732663
"WithinSubject",7,0.25,0.025,0.911111111111111,0.376245586258026,0.623754413741974,0.643678348684569
"WithinSubject",5,0.5,0.025,0.766666666666667,0.37557619363508,0.62442380636492,0.571121430150873
"WithinSubject",7,1,0.01,1,0.375164511883564,0.624835488116436,0.687582255941782
"WithinSubject",20,0.25,0.01,0.828571428571429,0.37329245269891,0.62670754730109,0.60093194063517
"WithinSubject",30,0.0833333333333333,0.025,0.833333333333333,0.373179043714435,0.626820956285565,0.603256188523884
"WithinSubject",2,0.0833333333333333,0.05,0.86,0.362882916191119,0.637117083808881,0.61144145809556
"WithinSubject",10,0.25,0.025,0.911111111111111,0.361958379927763,0.638041620072237,0.636534745519437
"WithinSubject",3,0.0833333333333333,0.05,0.86,0.361358405641806,0.638641594358194,0.610679202820903
"WithinSubject",5,0.0833333333333333,0.05,0.86,0.358287391960192,0.641712608039808,0.609143695980096
"WithinSubject",7,0.5,0.025,0.766666666666667,0.356057815432651,0.643942184567349,0.561362241049659
"WithinSubject",7,0.0833333333333333,0.05,0.86,0.355186700614698,0.644813299385302,0.607593350307349
"WithinSubject",20,0.166666666666667,0.025,0.8,0.352625871690661,0.647374128309339,0.576312935845331
"WithinSubject",10,0.0833333333333333,0.05,0.86,0.350479070046924,0.649520929953076,0.605239535023462
"WithinSubject",2,0.5,0.05,0.8,0.349464727320057,0.650535272679943,0.574732363660029
"WithinSubject",2,0.166666666666667,0.05,0.8,0.348200546241168,0.651799453758832,0.574100273120584
"WithinSubject",3,0.166666666666667,0.05,0.8,0.345066260817473,0.654933739182527,0.572533130408737
"WithinSubject",2,0.25,0.05,0.977777777777778,0.344377011382862,0.655622988617138,0.66107739458032
"WithinSubject",3,0.5,0.05,0.8,0.339895663084212,0.660104336915788,0.569947831542106
"WithinSubject",3,0.25,0.05,0.977777777777778,0.339625250639563,0.660374749360437,0.65870151420867
"WithinSubject",5,0.166666666666667,0.05,0.8,0.338706381448271,0.661293618551729,0.569353190724135
"WithinSubject",5,1,0.025,0.666666666666667,0.338385210132725,0.661614789867275,0.502525938399696
"WithinSubject",2,1,0.05,0.666666666666667,0.337675201822594,0.662324798177406,0.50217093424463
"WithinSubject",20,0.0833333333333333,0.05,0.86,0.334278139836961,0.665721860163039,0.597139069918481
"WithinSubject",7,0.166666666666667,0.05,0.8,0.332221772828949,0.667778227171051,0.566110886414474
"WithinSubject",5,0.25,0.05,0.977777777777778,0.329912053716979,0.670087946283021,0.653844915747378
"WithinSubject",10,0.5,0.025,0.8,0.324475279958041,0.675524720041959,0.56223763997902
"WithinSubject",10,0.166666666666667,0.05,0.8,0.322252846216354,0.677747153783646,0.561126423108177
"WithinSubject",7,0.25,0.05,0.977777777777778,0.319908855966458,0.680091144033542,0.648843316872118
"WithinSubject",5,0.5,0.05,0.8,0.319887397730945,0.680112602269055,0.559943698865473
"WithinSubject",3,1,0.05,0.666666666666667,0.317599632596826,0.682400367403174,0.492133149631746
"WithinSubject",30,0.0833333333333333,0.05,0.86,0.317265565336227,0.682734434663773,0.588632782668114
"WithinSubject",30,0.25,0.01,0.966666666666667,0.317016564528851,0.682983435471149,0.641841615597759
"WithinSubject",30,0.166666666666667,0.025,0.909090909090909,0.316992622958445,0.683007377041555,0.613041766024677
"WithinSubject",20,0.25,0.025,0.885714285714286,0.309281171870289,0.690718828129711,0.597497728792287
"WithinSubject",10,0.25,0.05,0.977777777777778,0.30433553130503,0.69566446869497,0.641056654541404
"WithinSubject",10,1,0.01,1,0.303851301757264,0.696148698242736,0.651925650878632
"WithinSubject",7,0.5,0.05,0.8,0.298628286761739,0.701371713238261,0.54931414338087
"WithinSubject",7,1,0.025,1,0.293121467833088,0.706878532166912,0.646560733916544
"WithinSubject",2,0.5,0.1,0.833333333333333,0.292740465963816,0.707259534036184,0.563036899648575
"WithinSubject",20,0.166666666666667,0.05,0.8,0.286790268214772,0.713209731785228,0.543395134107386
"WithinSubject",3,0.5,0.1,0.833333333333333,0.282337014841596,0.717662985158404,0.557835174087465
"WithinSubject",2,0.25,0.1,1,0.274141641732586,0.725858358267415,0.637070820866293
"WithinSubject",5,1,0.05,0.666666666666667,0.273561844749851,0.726438155250149,0.470114255708259
"WithinSubject",2,1,0.1,0.666666666666667,0.269311409373813,0.730688590626187,0.46798903802024
"WithinSubject",3,0.25,0.1,1,0.268880835885485,0.731119164114515,0.634440417942742
"WithinSubject",20,0.5,0.01,0.95,0.266326957363914,0.733673042636086,0.608163478681957
"WithinSubject",10,0.5,0.05,0.8,0.265999245470523,0.734000754529477,0.532999622735261
"WithinSubject",5,0.5,0.1,0.833333333333333,0.260592607712065,0.739407392287935,0.546962970522699
"WithinSubject",5,0.25,0.1,1,0.258127086712311,0.741872913287689,0.629063543356156
"WithinSubject",30,0.25,0.025,1,0.249125255344538,0.750874744655462,0.624562627672269
"WithinSubject",30,0.166666666666667,0.05,0.909090909090909,0.24907050516765,0.75092949483235,0.57908070712928
"WithinSubject",3,1,0.1,0.666666666666667,0.247163681515878,0.752836318484122,0.456915174091272
"WithinSubject",20,0.25,0.05,0.971428571428571,0.247148482979029,0.752851517020971,0.6092885272038
"WithinSubject",7,0.25,0.1,1,0.247069024013269,0.752930975986731,0.623534512006635
"WithinSubject",7,0.5,0.1,0.833333333333333,0.238181690610255,0.761818309389745,0.535757511971794
"WithinSubject",10,1,0.025,1,0.233647079141661,0.76635292085834,0.61682353957083
"WithinSubject",10,0.25,0.1,1,0.232153798035108,0.767846201964892,0.616076899017554
"WithinSubject",7,1,0.05,1,0.228071533637842,0.771928466362158,0.614035766818921
"WithinSubject",10,0.5,0.1,0.8,0.20853538467201,0.79146461532799,0.504267692336005
"WithinSubject",20,0.5,0.025,1,0.201239241927318,0.798760758072682,0.600619620963659
"WithinSubject",5,1,0.1,0.666666666666667,0.198652832853496,0.801347167146504,0.432659749760081
"WithinSubject",10,1,0.05,1,0.187232848322611,0.812767151677389,0.593616424161306
"WithinSubject",30,0.25,0.05,1,0.184555953319985,0.815444046680015,0.592277976659992
"WithinSubject",20,0.25,0.1,1,0.175632111398183,0.824367888601817,0.587816055699091
"WithinSubject",7,1,0.1,1,0.164221568475652,0.835778431524348,0.582110784237826
"WithinSubject",30,0.5,0.01,0.95,0.151803072205033,0.848196927794967,0.550901536102516
"WithinSubject",20,0.5,0.05,1,0.149006185203936,0.850993814796064,0.574503092601968
"WithinSubject",10,1,0.1,1,0.140214153102198,0.859785846897802,0.570107076551099
"WithinSubject",30,0.25,0.1,1,0.121190057237627,0.878809942762373,0.560595028618814
"WithinSubject",30,0.5,0.025,1,0.107937898743189,0.892062101256811,0.553968949371594
"WithinSubject",20,0.5,0.1,1,0.100702163720807,0.899297836279193,0.550351081860404
"WithinSubject",20,1,0.01,1,0.0818746272845266,0.918125372715473,0.540937313642263
"WithinSubject",30,0.5,0.05,1,0.0727389720982448,0.927261027901755,0.536369486049122
"WithinSubject",20,1,0.025,1,0.0532500789279826,0.946749921072017,0.526625039463991
"WithinSubject",30,0.5,0.1,1,0.0440431532542921,0.955956846745708,0.522021576627146
"WithinSubject",20,1,0.05,1,0.0339214929666398,0.96607850703336,0.51696074648332
"WithinSubject",20,1,0.1,1,0.0232223664363139,0.976777633563686,0.511611183218157
