"model","baseline_length","sampling_freq","alpha","Sensitivity","Specificity","Precision","Balanced_Accuracy","F2_Score"
"PJQM2",30,0.25,0.025,0.6,0.978677466982181,0.00425029515938607,0.789338733491091,0.0206659012629162
"PJQM2",30,0.25,0.05,0.6,0.963098921990979,0.0024603608529251,0.78154946099549,0.0121032813340506
"PJQM2",20,0.0833333333333333,0.05,0.583333333333333,0.958137159455448,0.0022189818043492,0.770735246394391,0.0109286204958471
"PJQM2",30,0.0833333333333333,0.05,0.583333333333333,0.956054082128437,0.0022189818043492,0.769693707730885,0.0109286204958471
"PJQM2",10,0.0833333333333333,0.05,0.583333333333333,0.95561278132476,0.00199851538856849,0.769473057329046,0.0098574888751197
"PJQM2",3,0.0833333333333333,0.05,0.583333333333333,0.952616213235656,0.0018149761460278,0.767974773284495,0.00896332718705183
"PJQM2",5,0.0833333333333333,0.05,0.583333333333333,0.952209242261692,0.00181544685927693,0.767771287797513,0.00896562323889544
"PJQM2",7,0.0833333333333333,0.05,0.583333333333333,0.95178247491907,0.00181544685927693,0.767557904126202,0.00896562323889544
"PJQM2",30,0.25,0.01,0.566666666666667,0.990468822684708,0.00893796004206099,0.778567744675687,0.0420375865479723
"PJQM2",20,0.166666666666667,0.01,0.56,0.990344250934935,0.00823529411764706,0.775172125467468,0.0388888888888889
"PJQM2",30,0.166666666666667,0.01,0.56,0.989246831769681,0.00823529411764706,0.77462341588484,0.0388888888888889
"PJQM2",20,0.166666666666667,0.025,0.56,0.977349651511073,0.00352733686067019,0.768674825755537,0.0172032440403047
"PJQM2",30,0.166666666666667,0.025,0.56,0.975183524564548,0.00358514724711908,0.767591762282274,0.017478152309613
"PJQM2",20,0.166666666666667,0.05,0.56,0.95894302191729,0.00194904635945984,0.759471510958645,0.00961142386379239
"PJQM2",30,0.166666666666667,0.05,0.56,0.954882614435778,0.00197516930022573,0.757441307217889,0.0097384529771842
"PJQM2",10,0.0833333333333333,0.01,0.55,0.992345630101432,0.0108303249097473,0.771172815050716,0.0501977487070277
"PJQM2",20,0.0833333333333333,0.01,0.55,0.991982805858351,0.0108303249097473,0.770991402929175,0.0501977487070277
"PJQM2",30,0.0833333333333333,0.01,0.55,0.991583873651996,0.0108303249097473,0.770791936825998,0.0501977487070277
"PJQM2",2,0.0833333333333333,0.01,0.55,0.98831179016612,0.00687213660974594,0.76915589508306,0.0327251090836969
"PJQM2",3,0.0833333333333333,0.01,0.55,0.988272826632795,0.00687929956222639,0.769136413316397,0.0327575938058368
"PJQM2",5,0.0833333333333333,0.01,0.55,0.98817648110621,0.00688360450563204,0.769088240553105,0.032777115613826
"PJQM2",7,0.0833333333333333,0.01,0.55,0.988070898102769,0.00688360450563204,0.769035449051385,0.032777115613826
"PJQM2",10,0.0833333333333333,0.025,0.55,0.983091308963282,0.00493199820654611,0.766545654481641,0.0238060885875054
"PJQM2",20,0.0833333333333333,0.025,0.55,0.98234302099792,0.00494678459001649,0.76617151049896,0.0238749819128925
"PJQM2",30,0.0833333333333333,0.025,0.55,0.981464417153931,0.00494678459001649,0.765732208576965,0.0238749819128925
"PJQM2",3,0.0833333333333333,0.025,0.55,0.979250977264447,0.00389978728432995,0.764625488632224,0.0189611583544013
"PJQM2",5,0.0833333333333333,0.025,0.55,0.979079747288115,0.00390209294075913,0.764539873644058,0.0189720593308037
"PJQM2",7,0.0833333333333333,0.025,0.55,0.978892931236658,0.00390209294075913,0.764446465618329,0.0189720593308037
"PJQM2",2,0.0833333333333333,0.025,0.55,0.978253410388757,0.00370536716820121,0.764126705194379,0.018040673518478
"PJQM2",20,0.25,0.025,0.514285714285714,0.980151864444517,0.00418896904817314,0.747218789365115,0.0202839756592292
"PJQM2",20,0.25,0.05,0.514285714285714,0.965726133765023,0.00243013365735115,0.740005924025369,0.0119252683185372
"PJQM2",5,0.25,0.025,0.511111111111111,0.975650724081434,0.00388316731386122,0.743380917596272,0.0188431918728494
"PJQM2",7,0.25,0.025,0.511111111111111,0.975333308201706,0.00389039242219215,0.743222209656409,0.0188772160210112
"PJQM2",10,0.25,0.025,0.511111111111111,0.974768313217394,0.00389039242219215,0.742939712164252,0.0188772160210112
"PJQM2",2,0.25,0.025,0.511111111111111,0.969029246566769,0.00298973092421682,0.74007017883894,0.0146068842880732
"PJQM2",3,0.25,0.025,0.511111111111111,0.968825115609405,0.00299167533818939,0.739968113360258,0.0146161667513981
"PJQM2",7,0.25,0.05,0.511111111111111,0.962289993842751,0.00254819410591624,0.736700552476931,0.012491853139257
"PJQM2",10,0.25,0.05,0.511111111111111,0.961426239411818,0.00254819410591624,0.736268675261464,0.012491853139257
"PJQM2",5,0.25,0.05,0.511111111111111,0.956480828040461,0.00217638152914459,0.733795969575786,0.0106996650539635
"PJQM2",2,0.25,0.05,0.511111111111111,0.950232785389234,0.0018626498218335,0.730671948250173,0.00917943805874841
"PJQM2",7,1,0.01,0.5,0.988832546256871,0.00859106529209622,0.744416273128435,0.0401929260450161
"PJQM2",10,1,0.01,0.5,0.98780277190104,0.0087719298245614,0.74390138595052,0.040983606557377
"PJQM2",5,0.25,0.01,0.488888888888889,0.992001881910139,0.0112244897959184,0.740445385399514,0.0514018691588785
"PJQM2",7,0.25,0.01,0.488888888888889,0.991928559161944,0.0112878399179066,0.740408724025416,0.0516674495068107
"PJQM2",10,0.25,0.01,0.488888888888889,0.991743681366941,0.0112878399179066,0.740316285127915,0.0516674495068107
"PJQM2",2,0.25,0.01,0.488888888888889,0.985100119925864,0.00592672413793103,0.736994504407376,0.0282631038026721
"PJQM2",3,0.25,0.01,0.488888888888889,0.985012465886583,0.00593471810089021,0.736950677387736,0.0282994597375868
"PJQM2",20,0.25,0.01,0.485714285714286,0.991256430118699,0.00893796004206099,0.738485357916492,0.0416258570029383
"PJQM2",20,0.5,0.01,0.45,0.989797715216482,0.00961538461538462,0.719898857608241,0.0442913385826772
"PJQM2",30,0.5,0.01,0.45,0.987308671723118,0.00961538461538462,0.718654335861559,0.0442913385826772
"PJQM2",20,0.5,0.025,0.45,0.984371904646607,0.00629811056682995,0.717185952323304,0.0298210735586481
"PJQM2",30,0.5,0.025,0.45,0.981859751923551,0.00674662668665667,0.715929875961775,0.0318246110325318
"PJQM2",20,0.5,0.05,0.45,0.97506108164029,0.00395604395604396,0.712530540820145,0.0191082802547771
"PJQM2",30,0.5,0.05,0.45,0.971400016428904,0.00428979980934223,0.710700008214452,0.0206611570247934
"PJQM2",2,0.166666666666667,0.01,0.4,0.991450427478626,0.00786075238629983,0.695725213739313,0.0364393545028631
"PJQM2",3,0.166666666666667,0.01,0.4,0.991380951218917,0.00786516853932584,0.695690475609459,0.0364583333333333
"PJQM2",5,0.166666666666667,0.01,0.4,0.991228375163288,0.00786516853932584,0.695614187581644,0.0364583333333333
"PJQM2",7,0.166666666666667,0.01,0.4,0.991070299898365,0.00786516853932584,0.695535149949183,0.0364583333333333
"PJQM2",10,0.166666666666667,0.01,0.4,0.99093654019052,0.00796359499431172,0.69546827009526,0.0368809272918862
"PJQM2",10,0.166666666666667,0.025,0.4,0.979123900198003,0.00347308360208385,0.689561950099002,0.0167825461520019
"PJQM2",2,0.166666666666667,0.025,0.4,0.972212679688596,0.00243182212958138,0.686106339844298,0.0118704425979312
"PJQM2",3,0.166666666666667,0.025,0.4,0.971995412284341,0.00243393602225313,0.68599770614217,0.0118805159538357
"PJQM2",5,0.166666666666667,0.025,0.4,0.971499669698159,0.00243393602225313,0.685749834849079,0.0118805159538357
"PJQM2",7,0.166666666666667,0.025,0.4,0.970986059352673,0.00243393602225313,0.685493029676336,0.0118805159538357
"PJQM2",10,0.166666666666667,0.05,0.4,0.955321924322189,0.00162582743003136,0.677660962161095,0.00799908581876357
"PJQM2",10,0.5,0.01,0.36,0.990439559428398,0.00858778625954199,0.675219779714199,0.039198606271777
"PJQM2",10,0.5,0.025,0.36,0.97359146829596,0.00312608544633553,0.66679573414798,0.0151057401812689
"PJQM2",10,0.5,0.05,0.36,0.965632102468784,0.00240384615384615,0.662816051234392,0.0117065556711759
"PJQM2",5,1,0.01,0.333333333333333,0.98955221178047,0.00859106529209622,0.661442772556902,0.0389408099688474
"PJQM2",2,1,0.01,0.333333333333333,0.961121291664603,0.00211864406779661,0.647227312498968,0.0103305785123967
"PJQM2",3,1,0.01,0.333333333333333,0.959942848395163,0.00211864406779661,0.646638090864248,0.0103305785123967
"PJQM2",5,1,0.025,0.333333333333333,0.952342151483876,0.00189609404626469,0.642837742408604,0.00926955876900259
"PJQM2",5,0.5,0.01,0.3,0.991163613478253,0.00858778625954199,0.645581806739127,0.038527397260274
"PJQM2",7,0.5,0.01,0.3,0.990887403743269,0.00858778625954199,0.645443701871634,0.038527397260274
"PJQM2",2,0.5,0.01,0.3,0.977141090719771,0.00319262149698475,0.638570545359885,0.0153113303844845
"PJQM2",3,0.5,0.01,0.3,0.976804847044063,0.00319262149698475,0.638402423522031,0.0153113303844845
"PJQM2",5,0.5,0.025,0.3,0.975565987991359,0.00312283136710618,0.63778299399568,0.0149900066622252
"PJQM2",7,0.5,0.025,0.3,0.974802224210212,0.00312283136710618,0.637401112105106,0.0149900066622252
"PJQM2",5,0.5,0.05,0.3,0.968209419809154,0.00240192153722978,0.634104709904577,0.0116369278510473
"PJQM2",7,0.5,0.05,0.3,0.967215702783771,0.00240192153722978,0.633607851391885,0.0116369278510473
"PJQM2",2,0.5,0.025,0.3,0.96222178836392,0.00193423597678917,0.63111089418196,0.00942803268384664
"PJQM2",3,0.5,0.025,0.3,0.961666088851468,0.00193423597678917,0.630833044425734,0.00942803268384664
"PJQM2",2,0.5,0.05,0.3,0.955177014187166,0.00163073020474724,0.627588507093583,0.00798013832239759
"PJQM2",3,0.5,0.05,0.3,0.954517689399567,0.00163073020474724,0.627258844699784,0.00798013832239759
"PJQM2",20,1,0.01,0,0.998912547795278,0,0.499456273897639,NA
"PJQM2",20,1,0.025,0,0.996983197109482,0,0.498491598554741,NA
"PJQM2",20,1,0.05,0,0.982249973690672,0,0.491124986845336,NA
