"model","Total_Visits","Total_TP","Total_FP","Total_TN","Total_FN","TPR_Sensitivity","FPR_False_Alarm","TNR_Specificity","NPV","baseline_length","sampling_freq","alpha"
"FixedCutoff",247698,43,173449,74204,2,0.955555555555556,0.700371083734096,0.299628916265904,0.999973048001509,2,0.25,0.1
"WithinPerson",247698,45,186610,61043,0,1,0.753513989331847,0.246486010668153,1,2,0.25,0.1
"WithinSubject",247698,45,179761,67892,0,1,0.725858358267415,0.274141641732586,1,2,0.25,0.1
"FixedCutoff",245916,43,172619,73252,2,0.955555555555556,0.702071411431198,0.297928588568802,0.999972697736642,3,0.25,0.1
"WithinPerson",245916,45,186610,59261,0,1,0.758975234980945,0.241024765019055,1,3,0.25,0.1
"WithinSubject",245916,45,179761,66110,0,1,0.731119164114515,0.268880835885485,1,3,0.25,0.1
"FixedCutoff",242352,43,171025,71282,2,0.955555555555556,0.705819476944537,0.294180523055463,0.999971943213063,5,0.25,0.1
"WithinPerson",242352,45,186607,55700,0,1,0.770126327345062,0.229873672654938,1,5,0.25,0.1
"WithinSubject",242352,45,179761,62546,0,1,0.741872913287689,0.258127086712311,1,5,0.25,0.1
"FixedCutoff",238788,43,169309,69434,2,0.955555555555556,0.709168436352061,0.290831563647939,0.999971196497494,7,0.25,0.1
"WithinPerson",238788,45,185719,53024,0,1,0.777903435912257,0.222096564087743,1,7,0.25,0.1
"WithinSubject",238788,45,179757,58986,0,1,0.752930975986731,0.247069024013269,1,7,0.25,0.1
"FixedCutoff",233442,43,166572,66825,2,0.955555555555556,0.713685265877453,0.286314734122547,0.999970071976896,10,0.25,0.1
"WithinPerson",233442,45,183394,50003,0,1,0.785759885516952,0.214240114483048,1,10,0.25,0.1
"WithinSubject",233442,45,179213,54184,0,1,0.767846201964892,0.232153798035108,1,10,0.25,0.1
"FixedCutoff",215622,34,158142,57445,1,0.971428571428571,0.733541447304337,0.266458552695663,0.999982592347596,20,0.25,0.1
"WithinPerson",215622,35,179541,36046,0,1,0.832800679076197,0.167199320923803,1,20,0.25,0.1
"WithinSubject",215622,35,177723,37864,0,1,0.824367888601817,0.175632111398183,1,20,0.25,0.1
"FixedCutoff",197802,30,148817,48955,0,1,0.752467487814251,0.247532512185749,1,30,0.25,0.1
"WithinPerson",197802,30,172509,25263,0,1,0.87226199866513,0.12773800133487,1,30,0.25,0.1
"WithinSubject",197802,30,173804,23968,0,1,0.878809942762373,0.121190057237627,1,30,0.25,0.1
"FixedCutoff",122958,28,86576,36352,2,0.933333333333333,0.704282181439542,0.295717818560458,0.999944985421137,2,0.5,0.1
"WithinPerson",122958,25,90012,32916,5,0.833333333333333,0.732233502538071,0.267766497461929,0.999848121259986,2,0.5,0.1
"WithinSubject",122958,25,86942,35986,5,0.833333333333333,0.707259534036184,0.292740465963816,0.999861076380206,2,0.5,0.1
"FixedCutoff",121176,28,85733,35413,2,0.933333333333333,0.707683291235369,0.292316708764631,0.9999435267542,3,0.5,0.1
"WithinPerson",121176,25,90012,31134,5,0.833333333333333,0.743004308850478,0.256995691149522,0.999839429654132,3,0.5,0.1
"WithinSubject",121176,25,86942,34204,5,0.833333333333333,0.717662985158404,0.282337014841596,0.999853839632845,3,0.5,0.1
"FixedCutoff",117612,28,84098,33484,2,0.933333333333333,0.715228521372319,0.284771478627681,0.999940273547154,5,0.5,0.1
"WithinPerson",117612,25,90008,27574,5,0.833333333333333,0.765491316698134,0.234508683301866,0.999818702636064,5,0.5,0.1
"WithinSubject",117612,25,86941,30641,5,0.833333333333333,0.739407392287935,0.260592607712065,0.999836846570515,5,0.5,0.1
"FixedCutoff",114048,28,82307,31711,2,0.933333333333333,0.721877247452157,0.278122752547843,0.999936934380223,7,0.5,0.1
"WithinPerson",114048,25,88588,25430,5,0.833333333333333,0.776965040607623,0.223034959392377,0.999803420483586,7,0.5,0.1
"WithinSubject",114048,25,86861,27157,5,0.833333333333333,0.761818309389745,0.238181690610255,0.999815919299021,7,0.5,0.1
"FixedCutoff",108702,24,79426,29251,1,0.96,0.73084461293558,0.26915538706442,0.999965814303295,10,0.5,0.1
"WithinPerson",108702,20,85401,23276,5,0.8,0.785824047406535,0.214175952593465,0.999785232593102,10,0.5,0.1
"WithinSubject",108702,20,86014,22663,5,0.8,0.79146461532799,0.20853538467201,0.999779424739721,10,0.5,0.1
"FixedCutoff",90882,20,69920,20942,0,1,0.769518610640312,0.230481389359688,1,20,0.5,0.1
"WithinPerson",90882,20,79747,11115,0,1,0.877671633906363,0.122328366093637,1,20,0.5,0.1
"WithinSubject",90882,20,81712,9150,0,1,0.899297836279193,0.100702163720807,1,20,0.5,0.1
"FixedCutoff",73062,20,58793,14249,0,1,0.804920456723529,0.195079543276471,1,30,0.5,0.1
"WithinPerson",73062,20,67829,5213,0,1,0.92863010322828,0.0713698967717204,1,30,0.5,0.1
"WithinSubject",73062,20,69825,3217,0,1,0.955956846745708,0.0440431532542921,1,30,0.5,0.1
"FixedCutoff",60588,14,43263,17310,1,0.933333333333333,0.714229111980585,0.285770888019415,0.999942233262088,2,1,0.1
"WithinPerson",60588,10,42664,17909,5,0.666666666666667,0.704340217588695,0.295659782411305,0.99972088869041,2,1,0.1
"WithinSubject",60588,10,44260,16313,5,0.666666666666667,0.730688590626187,0.269311409373813,0.999693589900723,2,1,0.1
"FixedCutoff",58806,14,42396,16395,1,0.933333333333333,0.721130785324284,0.278869214675716,0.999939009514516,3,1,0.1
"WithinPerson",58806,10,42664,16127,5,0.666666666666667,0.725689306186321,0.274310693813679,0.999690057029507,3,1,0.1
"WithinSubject",58806,10,44260,14531,5,0.666666666666667,0.752836318484122,0.247163681515878,0.999656026417171,3,1,0.1
"FixedCutoff",55242,14,40677,14550,1,0.933333333333333,0.736541908848933,0.263458091151067,0.999931276200948,5,1,0.1
"WithinPerson",55242,10,42659,12568,5,0.666666666666667,0.772430151918446,0.227569848081554,0.999602322436968,5,1,0.1
"WithinSubject",55242,10,44256,10971,5,0.666666666666667,0.801347167146504,0.198652832853496,0.999544460641399,5,1,0.1
"FixedCutoff",51678,10,38727,12941,0,1,0.749535495858171,0.250464504141829,1,7,1,0.1
"WithinPerson",51678,10,41098,10570,0,1,0.795424634202988,0.204575365797012,1,7,1,0.1
"WithinSubject",51678,10,43183,8485,0,1,0.835778431524348,0.164221568475652,1,7,1,0.1
"FixedCutoff",46332,10,35472,10850,0,1,0.765770044471309,0.23422995552869,1,10,1,0.1
"WithinPerson",46332,10,37604,8718,0,1,0.811795691032339,0.188204308967661,1,10,1,0.1
"WithinSubject",46332,10,39827,6495,0,1,0.859785846897802,0.140214153102198,1,10,1,0.1
"FixedCutoff",28512,5,23856,4651,0,1,0.836847090188375,0.163152909811625,1,20,1,0.1
"WithinPerson",28512,5,27077,1430,0,1,0.949836882169292,0.0501631178307082,1,20,1,0.1
"WithinSubject",28512,5,27845,662,0,1,0.976777633563686,0.0232223664363139,1,20,1,0.1
"FixedCutoff",10692,0,9545,1147,0,0,0.89272353161242,0.107276468387579,1,30,1,0.1
"WithinPerson",10692,0,10548,144,0,0,0.986531986531986,0.0134680134680135,1,30,1,0.1
"WithinSubject",10692,0,10692,0,0,0,1,0,0,30,1,0.1
"FixedCutoff",247698,43,173449,74204,2,0.955555555555556,0.700371083734096,0.299628916265904,0.999973048001509,2,0.25,0.05
"WithinPerson",247698,35,157269,90384,10,0.777777777777778,0.635037734249131,0.364962265750869,0.999889373188486,2,0.25,0.05
"WithinSubject",247698,44,162367,85286,1,0.977777777777778,0.655622988617138,0.344377011382862,0.999988274883628,2,0.25,0.05
"FixedCutoff",245916,43,172619,73252,2,0.955555555555556,0.702071411431198,0.297928588568802,0.999972697736642,3,0.25,0.05
"WithinPerson",245916,35,157269,88602,10,0.777777777777778,0.639640299181278,0.360359700818722,0.999887148467476,3,0.25,0.05
"WithinSubject",245916,44,162367,83504,1,0.977777777777778,0.660374749360437,0.339625250639563,0.999988024669181,3,0.25,0.05
"FixedCutoff",242352,43,171025,71282,2,0.955555555555556,0.705819476944537,0.294180523055463,0.999971943213063,5,0.25,0.05
"WithinPerson",242352,35,157269,85038,10,0.777777777777778,0.649048521091013,0.350951478908987,0.999882419339667,5,0.25,0.05
"WithinSubject",242352,44,162367,79940,1,0.977777777777778,0.670087946283021,0.329912053716979,0.999987490774446,5,0.25,0.05
"FixedCutoff",238788,43,169309,69434,2,0.955555555555556,0.709168436352061,0.290831563647939,0.999971196497494,7,0.25,0.05
"WithinPerson",238788,35,157051,81692,10,0.777777777777778,0.657824522603804,0.342175477396196,0.999877603975423,7,0.25,0.05
"WithinSubject",238788,44,162367,76376,1,0.977777777777778,0.680091144033542,0.319908855966458,0.999986907053171,7,0.25,0.05
"FixedCutoff",233442,43,166572,66825,2,0.955555555555556,0.713685265877453,0.286314734122547,0.999970071976896,10,0.25,0.05
"WithinPerson",233442,35,155953,77444,10,0.777777777777778,0.668187680218683,0.331812319781317,0.999870891109562,10,0.25,0.05
"WithinSubject",233442,44,162366,71031,1,0.977777777777778,0.69566446869497,0.30433553130503,0.999985921838045,10,0.25,0.05
"FixedCutoff",215622,34,158142,57445,1,0.971428571428571,0.733541447304337,0.266458552695663,0.999982592347596,20,0.25,0.05
"WithinPerson",215622,25,153392,62195,10,0.714285714285714,0.711508578903181,0.288491421096819,0.999839241218552,20,0.25,0.05
"WithinSubject",215622,34,162305,53282,1,0.971428571428571,0.752851517020971,0.247148482979029,0.999981232287972,20,0.25,0.05
"FixedCutoff",197802,30,148817,48955,0,1,0.752467487814251,0.247532512185749,1,30,0.25,0.05
"WithinPerson",197802,25,149172,48600,5,0.833333333333333,0.754262484072568,0.245737515927432,0.999897129924905,30,0.25,0.05
"WithinSubject",197802,30,161272,36500,0,1,0.815444046680015,0.184555953319985,1,30,0.25,0.05
"FixedCutoff",122958,28,86576,36352,2,0.933333333333333,0.704282181439542,0.295717818560458,0.999944985421137,2,0.5,0.05
"WithinPerson",122958,24,76185,46743,6,0.8,0.619753026161656,0.380246973838344,0.999871655008663,2,0.5,0.05
"WithinSubject",122958,24,79969,42959,6,0.8,0.650535272679943,0.349464727320057,0.999860351448854,2,0.5,0.05
"FixedCutoff",121176,28,85733,35413,2,0.933333333333333,0.707683291235369,0.292316708764631,0.9999435267542,3,0.5,0.05
"WithinPerson",121176,24,76185,44961,6,0.8,0.628869298202169,0.371130701797831,0.999866568817133,3,0.5,0.05
"WithinSubject",121176,24,79969,41177,6,0.8,0.660104336915788,0.339895663084212,0.999854308816745,3,0.5,0.05
"FixedCutoff",117612,28,84098,33484,2,0.933333333333333,0.715228521372319,0.284771478627681,0.999940273547154,5,0.5,0.05
"WithinPerson",117612,24,76185,41397,6,0.8,0.647930805735572,0.352069194264428,0.999855082965003,5,0.5,0.05
"WithinSubject",117612,24,79969,37613,6,0.8,0.680112602269055,0.319887397730945,0.999840506127223,5,0.5,0.05
"FixedCutoff",114048,28,82307,31711,2,0.933333333333333,0.721877247452157,0.278122752547843,0.999936934380223,7,0.5,0.05
"WithinPerson",114048,24,75651,38367,6,0.8,0.663500499921065,0.336499500078935,0.999843640059417,7,0.5,0.05
"WithinSubject",114048,24,79969,34049,6,0.8,0.701371713238261,0.298628286761739,0.999823814417854,7,0.5,0.05
"FixedCutoff",108702,24,79426,29251,1,0.96,0.73084461293558,0.26915538706442,0.999965814303295,10,0.5,0.05
"WithinPerson",108702,20,74178,34499,5,0.8,0.682554726391049,0.317445273608951,0.999855089265013,10,0.5,0.05
"WithinSubject",108702,20,79769,28908,5,0.8,0.734000754529477,0.265999245470523,0.999827067409124,10,0.5,0.05
"FixedCutoff",90882,20,69920,20942,0,1,0.769518610640312,0.230481389359688,1,20,0.5,0.05
"WithinPerson",90882,20,70367,20495,0,1,0.774438158966345,0.225561841033655,1,20,0.5,0.05
"WithinSubject",90882,20,77323,13539,0,1,0.850993814796064,0.149006185203936,1,20,0.5,0.05
"FixedCutoff",73062,20,58793,14249,0,1,0.804920456723529,0.195079543276471,1,30,0.5,0.05
"WithinPerson",73062,20,61744,11298,0,1,0.845321869609266,0.154678130390734,1,30,0.5,0.05
"WithinSubject",73062,20,67729,5313,0,1,0.927261027901755,0.0727389720982448,1,30,0.5,0.05
"FixedCutoff",60588,14,43263,17310,1,0.933333333333333,0.714229111980585,0.285770888019415,0.999942233262088,2,1,0.05
"WithinPerson",60588,10,34877,25696,5,0.666666666666667,0.575784590494115,0.424215409505885,0.99980545504066,2,1,0.05
"WithinSubject",60588,10,40119,20454,5,0.666666666666667,0.662324798177406,0.337675201822594,0.999755608778533,2,1,0.05
"FixedCutoff",58806,14,42396,16395,1,0.933333333333333,0.721130785324284,0.278869214675716,0.999939009514516,3,1,0.05
"WithinPerson",58806,10,34877,23914,5,0.666666666666667,0.593237060094232,0.406762939905768,0.999790961160584,3,1,0.05
"WithinSubject",58806,10,40119,18672,5,0.666666666666667,0.682400367403174,0.317599632596826,0.999732291053167,3,1,0.05
"FixedCutoff",55242,14,40677,14550,1,0.933333333333333,0.736541908848933,0.263458091151067,0.999931276200948,5,1,0.05
"WithinPerson",55242,10,34873,20354,5,0.666666666666667,0.631448385753345,0.368551614246655,0.999754408369763,5,1,0.05
"WithinSubject",55242,10,40119,15108,5,0.666666666666667,0.726438155250149,0.273561844749851,0.999669159002184,5,1,0.05
"FixedCutoff",51678,10,38727,12941,0,1,0.749535495858171,0.250464504141829,1,7,1,0.05
"WithinPerson",51678,10,33828,17840,0,1,0.654718587907409,0.345281412092591,1,7,1,0.05
"WithinSubject",51678,10,39884,11784,0,1,0.771928466362158,0.228071533637842,1,7,1,0.05
"FixedCutoff",46332,10,35472,10850,0,1,0.765770044471309,0.23422995552869,1,10,1,0.05
"WithinPerson",46332,10,31453,14869,0,1,0.679007814861189,0.320992185138811,1,10,1,0.05
"WithinSubject",46332,10,37649,8673,0,1,0.812767151677389,0.187232848322611,1,10,1,0.05
"FixedCutoff",28512,5,23856,4651,0,1,0.836847090188375,0.163152909811625,1,20,1,0.05
"WithinPerson",28512,5,25184,3323,0,1,0.883432139474515,0.116567860525485,1,20,1,0.05
"WithinSubject",28512,5,27540,967,0,1,0.96607850703336,0.0339214929666398,1,20,1,0.05
"FixedCutoff",10692,0,9545,1147,0,0,0.89272353161242,0.107276468387579,1,30,1,0.05
"WithinPerson",10692,0,10141,551,0,0,0.948466142910587,0.0515338570894126,1,30,1,0.05
"WithinSubject",10692,0,10692,0,0,0,1,0,0,30,1,0.05
"FixedCutoff",247698,43,173449,74204,2,0.955555555555556,0.700371083734096,0.299628916265904,0.999973048001509,2,0.25,0.025
"WithinPerson",247698,35,82414,165239,10,0.777777777777778,0.332780139953887,0.667219860046113,0.999939485261635,2,0.25,0.025
"WithinSubject",247698,41,148917,98736,4,0.911111111111111,0.601313127642306,0.398686872357694,0.999959489568564,2,0.25,0.025
"FixedCutoff",245916,43,172619,73252,2,0.955555555555556,0.702071411431198,0.297928588568802,0.999972697736642,3,0.25,0.025
"WithinPerson",245916,35,82414,163457,10,0.777777777777778,0.335192031593803,0.664807968406197,0.999938825573357,3,0.25,0.025
"WithinSubject",245916,41,148917,96954,4,0.911111111111111,0.605671266639823,0.394328733360177,0.999958745023618,3,0.25,0.025
"FixedCutoff",242352,43,171025,71282,2,0.955555555555556,0.705819476944537,0.294180523055463,0.999971943213063,5,0.25,0.025
"WithinPerson",242352,35,82414,159893,10,0.777777777777778,0.340122241619103,0.659877758380897,0.99993746208639,5,0.25,0.025
"WithinSubject",242352,41,148917,93390,4,0.911111111111111,0.614579851180527,0.385420148819473,0.99995717069619,5,0.25,0.025
"FixedCutoff",238788,43,169309,69434,2,0.955555555555556,0.709168436352061,0.290831563647939,0.999971196497494,7,0.25,0.025
"WithinPerson",238788,35,82414,156329,10,0.777777777777778,0.345199649832665,0.654800350167335,0.999936036433647,7,0.25,0.025
"WithinSubject",238788,41,148917,89826,4,0.911111111111111,0.623754413741974,0.376245586258026,0.999955471446065,7,0.25,0.025
"FixedCutoff",233442,43,166572,66825,2,0.955555555555556,0.713685265877453,0.286314734122547,0.999970071976896,10,0.25,0.025
"WithinPerson",233442,35,82122,151275,10,0.777777777777778,0.351855422306199,0.648144577693801,0.999933899593482,10,0.25,0.025
"WithinSubject",233442,41,148917,84480,4,0.911111111111111,0.638041620072237,0.361958379927763,0.999952653756924,10,0.25,0.025
"FixedCutoff",215622,34,158142,57445,1,0.971428571428571,0.733541447304337,0.266458552695663,0.999982592347596,20,0.25,0.025
"WithinPerson",215622,25,81248,134339,10,0.714285714285714,0.376868735127814,0.623131264872186,0.999925566993428,20,0.25,0.025
"WithinSubject",215622,31,148910,66677,4,0.885714285714286,0.690718828129711,0.309281171870289,0.999940012897227,20,0.25,0.025
"FixedCutoff",197802,30,148817,48955,0,1,0.752467487814251,0.247532512185749,1,30,0.25,0.025
"WithinPerson",197802,25,79143,118629,5,0.833333333333333,0.400172926400097,0.599827073599903,0.999957853566431,30,0.25,0.025
"WithinSubject",197802,30,148502,49270,0,1,0.750874744655462,0.249125255344538,1,30,0.25,0.025
"FixedCutoff",122958,28,86576,36352,2,0.933333333333333,0.704282181439542,0.295717818560458,0.999944985421137,2,0.5,0.025
"WithinPerson",122958,19,51118,71810,11,0.633333333333333,0.415836912664324,0.584163087335676,0.999846841453057,2,0.5,0.025
"WithinSubject",122958,23,73421,49507,7,0.766666666666667,0.597268319666797,0.402731680333203,0.999858625843196,2,0.5,0.025
"FixedCutoff",121176,28,85733,35413,2,0.933333333333333,0.707683291235369,0.292316708764631,0.9999435267542,3,0.5,0.025
"WithinPerson",121176,19,51118,70028,11,0.633333333333333,0.421953675730111,0.578046324269889,0.999842944645126,3,0.5,0.025
"WithinSubject",121176,23,73421,47725,7,0.766666666666667,0.606053852376471,0.393946147623529,0.999853347858879,3,0.5,0.025
"FixedCutoff",117612,28,84098,33484,2,0.933333333333333,0.715228521372319,0.284771478627681,0.999940273547154,5,0.5,0.025
"WithinPerson",117612,19,51118,66464,11,0.633333333333333,0.434743413107448,0.565256586892552,0.99983452425724,5,0.5,0.025
"WithinSubject",117612,23,73421,44161,7,0.766666666666667,0.62442380636492,0.37557619363508,0.999841514218439,5,0.5,0.025
"FixedCutoff",114048,28,82307,31711,2,0.933333333333333,0.721877247452157,0.278122752547843,0.999936934380223,7,0.5,0.025
"WithinPerson",114048,19,51112,62906,11,0.633333333333333,0.448280096125173,0.551719903874827,0.999825166489184,7,0.5,0.025
"WithinSubject",114048,23,73421,40597,7,0.766666666666667,0.643942184567349,0.356057815432651,0.999827603191804,7,0.5,0.025
"FixedCutoff",108702,24,79426,29251,1,0.96,0.73084461293558,0.26915538706442,0.999965814303295,10,0.5,0.025
"WithinPerson",108702,15,50732,57945,10,0.6,0.466814505369121,0.533185494630879,0.999827452333707,10,0.5,0.025
"WithinSubject",108702,20,73414,35263,5,0.8,0.675524720041959,0.324475279958041,0.999858228422366,10,0.5,0.025
"FixedCutoff",90882,20,69920,20942,0,1,0.769518610640312,0.230481389359688,1,20,0.5,0.025
"WithinPerson",90882,15,48381,42481,5,0.75,0.532466817811626,0.467533182188374,0.999882314174081,20,0.5,0.025
"WithinSubject",90882,20,72577,18285,0,1,0.798760758072682,0.201239241927318,1,20,0.5,0.025
"FixedCutoff",73062,20,58793,14249,0,1,0.804920456723529,0.195079543276471,1,30,0.5,0.025
"WithinPerson",73062,15,44213,28829,5,0.75,0.605309274116262,0.394690725883738,0.999826593604772,30,0.5,0.025
"WithinSubject",73062,20,65158,7884,0,1,0.892062101256811,0.107937898743189,1,30,0.5,0.025
"FixedCutoff",60588,14,43263,17310,1,0.933333333333333,0.714229111980585,0.285770888019415,0.999942233262088,2,1,0.025
"WithinPerson",60588,10,19474,41099,5,0.666666666666667,0.321496376273257,0.678503623726743,0.999878357337485,2,1,0.025
"WithinSubject",60588,10,36539,24034,5,0.666666666666667,0.603222557905337,0.396777442094663,0.999792004659096,2,1,0.025
"FixedCutoff",58806,14,42396,16395,1,0.933333333333333,0.721130785324284,0.278869214675716,0.999939009514516,3,1,0.025
"WithinPerson",58806,10,19474,39317,5,0.666666666666667,0.331241176370533,0.668758823629467,0.99987284471797,3,1,0.025
"WithinSubject",58806,10,36539,22252,5,0.666666666666667,0.62150669320134,0.37849330679866,0.999775351574785,3,1,0.025
"FixedCutoff",55242,14,40677,14550,1,0.933333333333333,0.736541908848933,0.263458091151067,0.999931276200948,5,1,0.025
"WithinPerson",55242,10,19474,35753,5,0.666666666666667,0.352617379180473,0.647382620819527,0.999860171150512,5,1,0.025
"WithinSubject",55242,10,36539,18688,5,0.666666666666667,0.661614789867275,0.338385210132725,0.999732520194725,5,1,0.025
"FixedCutoff",51678,10,38727,12941,0,1,0.749535495858171,0.250464504141829,1,7,1,0.025
"WithinPerson",51678,10,19395,32273,0,1,0.375377409615236,0.624622590384764,1,7,1,0.025
"WithinSubject",51678,10,36523,15145,0,1,0.706878532166912,0.293121467833088,1,7,1,0.025
"FixedCutoff",46332,10,35472,10850,0,1,0.765770044471309,0.23422995552869,1,10,1,0.025
"WithinPerson",46332,10,18404,27918,0,1,0.397305815811062,0.602694184188938,1,10,1,0.025
"WithinSubject",46332,10,35499,10823,0,1,0.76635292085834,0.233647079141661,1,10,1,0.025
"FixedCutoff",28512,5,23856,4651,0,1,0.836847090188375,0.163152909811625,1,20,1,0.025
"WithinPerson",28512,5,15491,13016,0,1,0.543410390430421,0.456589609569579,1,20,1,0.025
"WithinSubject",28512,5,26989,1518,0,1,0.946749921072017,0.0532500789279826,1,20,1,0.025
"FixedCutoff",10692,0,9545,1147,0,0,0.89272353161242,0.107276468387579,1,30,1,0.025
"WithinPerson",10692,0,7090,3602,0,0,0.663112607557052,0.336887392442948,1,30,1,0.025
"WithinSubject",10692,0,10680,12,0,0,0.998877665544332,0.00112233445566779,1,30,1,0.025
"FixedCutoff",247698,43,173449,74204,2,0.955555555555556,0.700371083734096,0.299628916265904,0.999973048001509,2,0.25,0.01
"WithinPerson",247698,29,12389,235264,16,0.644444444444444,0.0500256407150327,0.949974359284967,0.999931995919755,2,0.25,0.01
"WithinSubject",247698,38,135110,112543,7,0.844444444444444,0.545561733554611,0.454438266445389,0.999937805419813,2,0.25,0.01
"FixedCutoff",245916,43,172619,73252,2,0.955555555555556,0.702071411431198,0.297928588568802,0.999972697736642,3,0.25,0.01
"WithinPerson",245916,29,12389,233482,16,0.644444444444444,0.0503882117045117,0.949611788295488,0.999931476929139,3,0.25,0.01
"WithinSubject",245916,38,135110,110761,7,0.844444444444444,0.549515803002387,0.450484196997613,0.999936804853387,3,0.25,0.01
"FixedCutoff",242352,43,171025,71282,2,0.955555555555556,0.705819476944537,0.294180523055463,0.999971943213063,5,0.25,0.01
"WithinPerson",242352,29,12389,229918,16,0.644444444444444,0.0511293524330704,0.94887064756693,0.999930414814686,5,0.25,0.01
"WithinSubject",242352,38,135110,107197,7,0.844444444444444,0.557598418535164,0.442401581464836,0.999934703928958,5,0.25,0.01
"FixedCutoff",238788,43,169309,69434,2,0.955555555555556,0.709168436352061,0.290831563647939,0.999971196497494,7,0.25,0.01
"WithinPerson",238788,29,12389,226354,16,0.644444444444444,0.0518926209354829,0.948107379064517,0.999929319256085,7,0.25,0.01
"WithinSubject",238788,38,135110,103633,7,0.844444444444444,0.565922351650101,0.434077648349899,0.999932458510228,7,0.25,0.01
"FixedCutoff",233442,43,166572,66825,2,0.955555555555556,0.713685265877453,0.286314734122547,0.999970071976896,10,0.25,0.01
"WithinPerson",233442,29,12388,221009,16,0.644444444444444,0.0530769461475512,0.946923053852449,0.999927609998869,10,0.25,0.01
"WithinSubject",233442,38,135110,98287,7,0.844444444444444,0.578884904261837,0.421115095738163,0.999928785073351,10,0.25,0.01
"FixedCutoff",215622,34,158142,57445,1,0.971428571428571,0.733541447304337,0.266458552695663,0.999982592347596,20,0.25,0.01
"WithinPerson",215622,20,12149,203438,15,0.571428571428571,0.0563531196222407,0.943646880377759,0.999926272898409,20,0.25,0.01
"WithinSubject",215622,29,135110,80477,6,0.828571428571429,0.62670754730109,0.37329245269891,0.999925450095051,20,0.25,0.01
"FixedCutoff",197802,30,148817,48955,0,1,0.752467487814251,0.247532512185749,1,30,0.25,0.01
"WithinPerson",197802,20,11461,186311,10,0.666666666666667,0.0579505693424752,0.942049430657525,0.999946329184579,30,0.25,0.01
"WithinSubject",197802,29,135075,62697,1,0.966666666666667,0.682983435471149,0.317016564528851,0.999984050527927,30,0.25,0.01
"FixedCutoff",122958,28,86576,36352,2,0.933333333333333,0.704282181439542,0.295717818560458,0.999944985421137,2,0.5,0.01
"WithinPerson",122958,13,7690,115238,17,0.433333333333333,0.0625569439021216,0.937443056097878,0.999852500976096,2,0.5,0.01
"WithinSubject",122958,19,66859,56069,11,0.633333333333333,0.543887478849408,0.456112521150592,0.999803851640514,2,0.5,0.01
"FixedCutoff",121176,28,85733,35413,2,0.933333333333333,0.707683291235369,0.292316708764631,0.9999435267542,3,0.5,0.01
"WithinPerson",121176,13,7690,113456,17,0.433333333333333,0.0634771267726545,0.936522873227346,0.999850184625418,3,0.5,0.01
"WithinSubject",121176,19,66859,54287,11,0.633333333333333,0.551887804797517,0.448112195202483,0.999797414269402,3,0.5,0.01
"FixedCutoff",117612,28,84098,33484,2,0.933333333333333,0.715228521372319,0.284771478627681,0.999940273547154,5,0.5,0.01
"WithinPerson",117612,13,7690,109892,17,0.433333333333333,0.0654011668452654,0.934598833154735,0.999845326588359,5,0.5,0.01
"WithinSubject",117612,19,66859,50723,11,0.633333333333333,0.568615944617373,0.431384055382627,0.999783182875389,5,0.5,0.01
"FixedCutoff",114048,28,82307,31711,2,0.933333333333333,0.721877247452157,0.278122752547843,0.999936934380223,7,0.5,0.01
"WithinPerson",114048,13,7690,106328,17,0.433333333333333,0.0674454910628146,0.932554508937185,0.999840142931026,7,0.5,0.01
"WithinSubject",114048,19,66859,47159,11,0.633333333333333,0.586389868266414,0.413610131733586,0.999766800932796,7,0.5,0.01
"FixedCutoff",108702,24,79426,29251,1,0.96,0.73084461293558,0.26915538706442,0.999965814303295,10,0.5,0.01
"WithinPerson",108702,11,7671,101006,14,0.44,0.0705853124396146,0.929414687560385,0.999861413581469,10,0.5,0.01
"WithinSubject",108702,19,66859,41818,6,0.76,0.61520836975625,0.38479163024375,0.999856541698546,10,0.5,0.01
"FixedCutoff",90882,20,69920,20942,0,1,0.769518610640312,0.230481389359688,1,20,0.5,0.01
"WithinPerson",90882,11,7076,83786,9,0.55,0.077876339944091,0.922123660055909,0.999892595023569,20,0.5,0.01
"WithinSubject",90882,19,66663,24199,1,0.95,0.733673042636085,0.266326957363914,0.99995867768595,20,0.5,0.01
"FixedCutoff",73062,20,58793,14249,0,1,0.804920456723529,0.195079543276471,1,30,0.5,0.01
"WithinPerson",73062,11,5322,67720,9,0.55,0.072862188877632,0.927137811122368,0.99986711748291,30,0.5,0.01
"WithinSubject",73062,19,61954,11088,1,0.95,0.848196927794967,0.151803072205033,0.99990982054288,30,0.5,0.01
"FixedCutoff",60588,14,43263,17310,1,0.933333333333333,0.714229111980585,0.285770888019415,0.999942233262088,2,1,0.01
"WithinPerson",60588,6,3876,56697,9,0.4,0.0639889059481947,0.936011094051805,0.999841286636335,2,1,0.01
"WithinSubject",60588,10,32284,28289,5,0.666666666666667,0.532976738811021,0.467023261188979,0.999823284088499,2,1,0.01
"FixedCutoff",58806,14,42396,16395,1,0.933333333333333,0.721130785324284,0.278869214675716,0.999939009514516,3,1,0.01
"WithinPerson",58806,6,3876,54915,9,0.4,0.0659284584375159,0.934071541562484,0.999836137207778,3,1,0.01
"WithinSubject",58806,10,32284,26507,5,0.666666666666667,0.549131669813407,0.450868330186593,0.999811406155703,3,1,0.01
"FixedCutoff",55242,14,40677,14550,1,0.933333333333333,0.736541908848933,0.263458091151067,0.999931276200948,5,1,0.01
"WithinPerson",55242,6,3876,51351,9,0.4,0.0701830626324081,0.929816937367592,0.99982476635514,5,1,0.01
"WithinSubject",55242,10,32284,22943,5,0.666666666666667,0.584569141905227,0.415430858094772,0.999782116088548,5,1,0.01
"FixedCutoff",51678,10,38727,12941,0,1,0.749535495858171,0.250464504141829,1,7,1,0.01
"WithinPerson",51678,6,3873,47795,4,0.6,0.07495935588759,0.92504064411241,0.999916316240926,7,1,0.01
"WithinSubject",51678,10,32284,19384,0,1,0.624835488116436,0.375164511883564,1,7,1,0.01
"FixedCutoff",46332,10,35472,10850,0,1,0.765770044471309,0.23422995552869,1,10,1,0.01
"WithinPerson",46332,6,3833,42489,4,0.6,0.0827468589439143,0.917253141056086,0.999905866848657,10,1,0.01
"WithinSubject",46332,10,32247,14075,0,1,0.696148698242736,0.303851301757264,1,10,1,0.01
"FixedCutoff",28512,5,23856,4651,0,1,0.836847090188375,0.163152909811625,1,20,1,0.01
"WithinPerson",28512,1,2690,25817,4,0.2,0.0943627880871365,0.905637211912864,0.999845087332017,20,1,0.01
"WithinSubject",28512,5,26173,2334,0,1,0.918125372715473,0.0818746272845266,1,20,1,0.01
"FixedCutoff",10692,0,9545,1147,0,0,0.89272353161242,0.107276468387579,1,30,1,0.01
"WithinPerson",10692,0,684,10008,0,0,0.063973063973064,0.936026936026936,1,30,1,0.01
"WithinSubject",10692,0,10644,48,0,0,0.995510662177329,0.00448933782267116,1,30,1,0.01
"FixedCutoff",746658,143,520296,226212,7,0.953333333333333,0.696973106785192,0.303026893214808,0.999969056533713,2,0.0833333333333333,0.05
"WithinPerson",746658,129,459663,286845,21,0.86,0.615750936359691,0.384249063640309,0.999926795088996,2,0.0833333333333333,0.05
"WithinSubject",746658,129,475613,270895,21,0.86,0.637117083808881,0.362882916191119,0.999922485198364,2,0.0833333333333333,0.05
"FixedCutoff",744876,143,519470,225256,7,0.953333333333333,0.697531709648918,0.302468290351082,0.999968925211863,3,0.0833333333333333,0.05
"WithinPerson",744876,129,459663,285063,21,0.86,0.617224321428284,0.382775678571716,0.999926337500526,3,0.0833333333333333,0.05
"WithinSubject",744876,129,475613,269113,21,0.86,0.638641594358193,0.361358405641806,0.999921971954491,3,0.0833333333333333,0.05
"FixedCutoff",741312,143,517916,223246,7,0.953333333333333,0.698789198582766,0.301210801417234,0.999968645438135,5,0.0833333333333333,0.05
"WithinPerson",741312,129,459663,281499,21,0.86,0.620192346612481,0.379807653387519,0.999925404944586,5,0.0833333333333333,0.05
"WithinSubject",741312,129,475613,265549,21,0.86,0.641712608039808,0.358287391960192,0.999920924803253,5,0.0833333333333333,0.05
"FixedCutoff",737748,143,516249,221349,7,0.953333333333333,0.699905639657374,0.300094360342626,0.999968376732503,7,0.0833333333333333,0.05
"WithinPerson",737748,129,459657,277941,21,0.86,0.62318091968796,0.37681908031204,0.999924450104691,7,0.0833333333333333,0.05
"WithinSubject",737748,129,475613,261985,21,0.86,0.644813299385302,0.355186700614698,0.99991984916376,7,0.0833333333333333,0.05
"FixedCutoff",732402,143,513619,218633,7,0.953333333333333,0.701423826770019,0.298576173229981,0.999967983900476,10,0.0833333333333333,0.05
"WithinPerson",732402,129,459422,272830,21,0.86,0.627409689560425,0.372590310439575,0.999923034916493,10,0.0833333333333333,0.05
"WithinSubject",732402,129,475613,256639,21,0.86,0.649520929953076,0.350479070046924,0.999918179692979,10,0.0833333333333333,0.05
"FixedCutoff",714582,143,505827,208605,7,0.953333333333333,0.708012798978769,0.291987201021231,0.999966444883324,20,0.0833333333333333,0.05
"WithinPerson",714582,129,458579,255853,21,0.86,0.641879143151483,0.358120856848517,0.999917928355362,20,0.0833333333333333,0.05
"WithinSubject",714582,129,475613,238819,21,0.86,0.665721860163039,0.334278139836961,0.999912075029308,20,0.0833333333333333,0.05
"FixedCutoff",696762,143,497680,198932,7,0.953333333333333,0.714429266219933,0.285570733780067,0.999964813334741,30,0.0833333333333333,0.05
"WithinPerson",696762,129,457164,239448,21,0.86,0.65626776455186,0.34373223544814,0.999912305976974,30,0.0833333333333333,0.05
"WithinSubject",696762,129,475601,221011,21,0.86,0.682734434663773,0.317265565336227,0.999904991132506,30,0.0833333333333333,0.05
"FixedCutoff",372438,72,259928,112435,3,0.96,0.698050021081579,0.301949978918421,0.999973318628933,2,0.166666666666667,0.05
"WithinPerson",372438,58,229033,143330,17,0.773333333333333,0.615079908583828,0.384920091416172,0.999881406656575,2,0.166666666666667,0.05
"WithinSubject",372438,60,242706,129657,15,0.8,0.651799453758832,0.348200546241168,0.999884323523968,2,0.166666666666667,0.05
"FixedCutoff",370656,72,259102,111479,3,0.96,0.69917777759788,0.30082222240212,0.99997308982616,3,0.166666666666667,0.05
"WithinPerson",370656,58,229033,141548,17,0.773333333333333,0.618037622004366,0.381962377995634,0.999879913820506,3,0.166666666666667,0.05
"WithinSubject",370656,60,242706,127875,15,0.8,0.654933739182527,0.345066260817473,0.999882711705372,3,0.166666666666667,0.05
"FixedCutoff",367092,72,257526,109491,3,0.96,0.701673219496645,0.298326780503355,0.999972601238424,5,0.166666666666667,0.05
"WithinPerson",367092,58,229033,137984,17,0.773333333333333,0.624039213442429,0.375960786557571,0.999876812486866,5,0.166666666666667,0.05
"WithinSubject",367092,60,242706,124311,15,0.8,0.661293618551729,0.338706381448271,0.999879349452247,5,0.166666666666667,0.05
"FixedCutoff",363528,72,255836,107617,3,0.96,0.703903943563542,0.296096056436458,0.999972124140494,7,0.166666666666667,0.05
"WithinPerson",363528,58,229013,134440,17,0.773333333333333,0.630103479679628,0.369896520320372,0.999873565526525,7,0.166666666666667,0.05
"WithinSubject",363528,60,242706,120747,15,0.8,0.667778227171051,0.332221772828949,0.999875788741492,7,0.166666666666667,0.05
"FixedCutoff",358182,72,253148,104959,3,0.96,0.706906036463962,0.293093963536038,0.999971418227549,10,0.166666666666667,0.05
"WithinPerson",358182,58,228429,129678,17,0.773333333333333,0.637879181361995,0.362120818638005,0.999868923242993,10,0.166666666666667,0.05
"WithinSubject",358182,60,242706,115401,15,0.8,0.677747153783646,0.322252846216354,0.999870035350385,10,0.166666666666667,0.05
"FixedCutoff",340362,72,245056,95231,3,0.96,0.720145054027924,0.279854945972076,0.999968498645442,20,0.166666666666667,0.05
"WithinPerson",340362,58,226700,113587,17,0.773333333333333,0.66620235271991,0.33379764728009,0.999850357381782,20,0.166666666666667,0.05
"WithinSubject",340362,60,242696,97591,15,0.8,0.713209731785228,0.286790268214772,0.999846320922894,20,0.166666666666667,0.05
"FixedCutoff",322542,54,236330,86157,1,0.981818181818182,0.732835742215965,0.267164257784035,0.999988393416746,30,0.166666666666667,0.05
"WithinPerson",322542,46,224036,98451,9,0.836363636363636,0.694713275263809,0.305286724736191,0.999908592321755,30,0.166666666666667,0.05
"WithinSubject",322542,50,242165,80322,5,0.909090909090909,0.75092949483235,0.24907050516765,0.999937754428772,30,0.166666666666667,0.05
"FixedCutoff",746658,143,520296,226212,7,0.953333333333333,0.696973106785192,0.303026893214808,0.999969056533713,2,0.0833333333333333,0.025
"WithinPerson",746658,98,269932,476576,52,0.653333333333333,0.36159290992193,0.63840709007807,0.999890900240859,2,0.0833333333333333,0.025
"WithinSubject",746658,125,436655,309853,25,0.833333333333333,0.584930101217937,0.415069898782063,0.999919323088441,2,0.0833333333333333,0.025
"FixedCutoff",744876,143,519470,225256,7,0.953333333333333,0.697531709648918,0.302468290351082,0.999968925211863,3,0.0833333333333333,0.025
"WithinPerson",744876,98,269932,474794,52,0.653333333333333,0.362458138966546,0.637541861033454,0.999890490811758,3,0.0833333333333333,0.025
"WithinSubject",744876,125,436655,308071,25,0.833333333333333,0.586329737379922,0.413670262620078,0.999918856460324,3,0.0833333333333333,0.025
"FixedCutoff",741312,143,517916,223246,7,0.953333333333333,0.698789198582766,0.301210801417234,0.999968645438135,5,0.0833333333333333,0.025
"WithinPerson",741312,98,269932,471230,52,0.653333333333333,0.36420107884646,0.63579892115354,0.999889662664816,5,0.0833333333333333,0.025
"WithinSubject",741312,125,436655,304507,25,0.833333333333333,0.589149200849477,0.410850799150523,0.999917906820958,5,0.0833333333333333,0.025
"FixedCutoff",737748,143,516249,221349,7,0.953333333333333,0.699905639657374,0.300094360342626,0.999968376732503,7,0.0833333333333333,0.025
"WithinPerson",737748,98,269932,467666,52,0.653333333333333,0.365960862149843,0.634039137850157,0.999888821896955,7,0.0833333333333333,0.025
"WithinSubject",737748,125,436655,300943,25,0.833333333333333,0.59199591105182,0.40800408894818,0.999916934690731,7,0.0833333333333333,0.025
"FixedCutoff",732402,143,513619,218633,7,0.953333333333333,0.701423826770019,0.298576173229981,0.999967983900476,10,0.0833333333333333,0.025
"WithinPerson",732402,98,269918,462334,52,0.653333333333333,0.368613537416081,0.631386462583919,0.99988753984766,10,0.0833333333333333,0.025
"WithinSubject",732402,125,436655,295597,25,0.833333333333333,0.596317934263068,0.403682065736932,0.999915432545616,10,0.0833333333333333,0.025
"FixedCutoff",714582,143,505827,208605,7,0.953333333333333,0.708012798978769,0.291987201021231,0.999966444883324,20,0.0833333333333333,0.025
"WithinPerson",714582,98,269908,444524,52,0.653333333333333,0.377793827824062,0.622206172175938,0.999883034621752,20,0.0833333333333333,0.025
"WithinSubject",714582,125,436655,277777,25,0.833333333333333,0.611191827913643,0.388808172086357,0.999910007847316,20,0.0833333333333333,0.025
"FixedCutoff",696762,143,497680,198932,7,0.953333333333333,0.714429266219933,0.285570733780067,0.999964813334741,30,0.0833333333333333,0.025
"WithinPerson",696762,98,269424,427188,52,0.653333333333333,0.386763363249556,0.613236636750444,0.999878288549761,30,0.0833333333333333,0.025
"WithinSubject",696762,125,436651,259961,25,0.833333333333333,0.626820956285565,0.373179043714435,0.999903840976053,30,0.0833333333333333,0.025
"FixedCutoff",372438,72,259928,112435,3,0.96,0.698050021081579,0.301949978918421,0.999973318628933,2,0.166666666666667,0.025
"WithinPerson",372438,45,122284,250079,30,0.6,0.328399975292927,0.671600024707073,0.999880052297198,2,0.166666666666667,0.025
"WithinSubject",372438,60,220293,152070,15,0.8,0.591608188783526,0.408391811216474,0.99990137094388,2,0.166666666666667,0.025
"FixedCutoff",370656,72,259102,111479,3,0.96,0.69917777759788,0.30082222240212,0.99997308982616,3,0.166666666666667,0.025
"WithinPerson",370656,45,122284,248297,30,0.6,0.329979140862591,0.670020859137409,0.999879191549852,3,0.166666666666667,0.025
"WithinSubject",370656,60,220293,150288,15,0.8,0.594453034559246,0.405546965440754,0.999900201592783,3,0.166666666666667,0.025
"FixedCutoff",367092,72,257526,109491,3,0.96,0.701673219496645,0.298326780503355,0.999972601238424,5,0.166666666666667,0.025
"WithinPerson",367092,45,122284,244733,30,0.6,0.333183476514712,0.666816523485288,0.999877432455069,5,0.166666666666667,0.025
"WithinSubject",367092,60,220293,146724,15,0.8,0.600225602628761,0.399774397371239,0.999897777686913,5,0.166666666666667,0.025
"FixedCutoff",363528,72,255836,107617,3,0.96,0.703903943563542,0.296096056436458,0.999972124140494,7,0.166666666666667,0.025
"WithinPerson",363528,45,122284,241169,30,0.6,0.336450655242906,0.663549344757094,0.999875621374881,7,0.166666666666667,0.025
"WithinSubject",363528,60,220293,143160,15,0.8,0.606111381664204,0.393888618335796,0.999895233106338,7,0.166666666666667,0.025
"FixedCutoff",358182,72,253148,104959,3,0.96,0.706906036463962,0.293093963536038,0.999971418227549,10,0.166666666666667,0.025
"WithinPerson",358182,45,122069,236038,30,0.6,0.340872979305068,0.659127020694932,0.999872917972788,10,0.166666666666667,0.025
"WithinSubject",358182,60,220293,137814,15,0.8,0.615159714833835,0.384840285166165,0.999891169492632,10,0.166666666666667,0.025
"FixedCutoff",340362,72,245056,95231,3,0.96,0.720145054027924,0.279854945972076,0.999968498645442,20,0.166666666666667,0.025
"WithinPerson",340362,45,121742,218545,30,0.6,0.35776271206364,0.64223728793636,0.99986274734073,20,0.166666666666667,0.025
"WithinSubject",340362,60,220293,119994,15,0.8,0.647374128309339,0.352625871690661,0.999875009374297,20,0.166666666666667,0.025
"FixedCutoff",322542,54,236330,86157,1,0.981818181818182,0.732835742215965,0.267164257784035,0.999988393416746,30,0.166666666666667,0.025
"WithinPerson",322542,35,120357,202130,20,0.636363636363636,0.373215044327368,0.626784955672632,0.999901063566658,30,0.166666666666667,0.025
"WithinSubject",322542,50,220261,102226,5,0.909090909090909,0.683007377041555,0.316992622958445,0.999951091156303,30,0.166666666666667,0.025
"FixedCutoff",746658,143,520296,226212,7,0.953333333333333,0.696973106785192,0.303026893214808,0.999969056533713,2,0.0833333333333333,0.01
"WithinPerson",746658,80,50837,695671,70,0.533333333333333,0.0680997390516913,0.931900260948309,0.999899387846914,2,0.0833333333333333,0.01
"WithinSubject",746658,117,395714,350794,33,0.78,0.530086750577355,0.469913249422645,0.999905936544223,2,0.0833333333333333,0.01
"FixedCutoff",744876,143,519470,225256,7,0.953333333333333,0.697531709648918,0.302468290351082,0.999968925211863,3,0.0833333333333333,0.01
"WithinPerson",744876,80,50837,693889,70,0.533333333333333,0.0682626899020579,0.931737310097942,0.999899129487477,3,0.0833333333333333,0.01
"WithinSubject",744876,117,395714,349012,33,0.78,0.531355156124534,0.468644843875466,0.999905456316521,3,0.0833333333333333,0.01
"FixedCutoff",741312,143,517916,223246,7,0.953333333333333,0.698789198582766,0.301210801417234,0.999968645438135,5,0.0833333333333333,0.01
"WithinPerson",741312,80,50837,690325,70,0.533333333333333,0.0685909423310963,0.931409057668904,0.999898608767445,5,0.0833333333333333,0.01
"WithinSubject",741312,117,395714,345448,33,0.78,0.533910265232162,0.466089734767838,0.999904480998955,5,0.0833333333333333,0.01
"FixedCutoff",737748,143,516249,221349,7,0.953333333333333,0.699905639657374,0.300094360342626,0.999968376732503,7,0.0833333333333333,0.01
"WithinPerson",737748,80,50837,686761,70,0.533333333333333,0.0689223669261576,0.931077633073842,0.999898082643329,7,0.0833333333333333,0.01
"WithinSubject",737748,117,395714,341884,33,0.78,0.536490066404735,0.463509933595265,0.999903485348783,7,0.0833333333333333,0.01
"FixedCutoff",732402,143,513619,218633,7,0.953333333333333,0.701423826770019,0.298576173229981,0.999967983900476,10,0.0833333333333333,0.01
"WithinPerson",732402,80,50837,681415,70,0.533333333333333,0.0694255529517161,0.930574447048284,0.999897283139027,10,0.0833333333333333,0.01
"WithinSubject",732402,117,395714,336538,33,0.78,0.540406854470865,0.459593145529135,0.999901952336951,10,0.0833333333333333,0.01
"FixedCutoff",714582,143,505827,208605,7,0.953333333333333,0.708012798978769,0.291987201021231,0.999966444883324,20,0.0833333333333333,0.01
"WithinPerson",714582,80,50837,663595,70,0.533333333333333,0.0711572269999104,0.92884277300009,0.999894525099259,20,0.0833333333333333,0.01
"WithinSubject",714582,117,395714,318718,33,0.78,0.553886164113589,0.44611383588641,0.999896470913032,20,0.0833333333333333,0.01
"FixedCutoff",696762,143,497680,198932,7,0.953333333333333,0.714429266219933,0.285570733780067,0.999964813334741,30,0.0833333333333333,0.01
"WithinPerson",696762,80,50826,645786,70,0.533333333333333,0.0729617060860278,0.927038293913972,0.99989161670713,30,0.0833333333333333,0.01
"WithinSubject",696762,117,395714,300898,33,0.78,0.568055100974431,0.431944899025569,0.99989034031057,30,0.0833333333333333,0.01
"FixedCutoff",372438,72,259928,112435,3,0.96,0.698050021081579,0.301949978918421,0.999973318628933,2,0.166666666666667,0.01
"WithinPerson",372438,38,23246,349117,37,0.506666666666667,0.0624283293452894,0.937571670654711,0.999894029568614,2,0.166666666666667,0.01
"WithinSubject",372438,59,197289,175074,16,0.786666666666667,0.529829762892661,0.470170237107339,0.99990861842481,2,0.166666666666667,0.01
"FixedCutoff",370656,72,259102,111479,3,0.96,0.69917777759788,0.30082222240212,0.99997308982616,3,0.166666666666667,0.01
"WithinPerson",370656,38,23246,347335,37,0.506666666666667,0.0627285262871005,0.937271473712899,0.999893485945902,3,0.166666666666667,0.01
"WithinSubject",370656,59,197289,173292,16,0.786666666666667,0.532377536894768,0.467622463105232,0.999907678814596,3,0.166666666666667,0.01
"FixedCutoff",367092,72,257526,109491,3,0.96,0.701673219496645,0.298326780503355,0.999972601238424,5,0.166666666666667,0.01
"WithinPerson",367092,38,23246,343771,37,0.506666666666667,0.0633376655577262,0.936662334442274,0.99989238179449,5,0.166666666666667,0.01
"WithinSubject",367092,59,197289,169728,16,0.786666666666667,0.537547307072969,0.462452692927031,0.999905740409087,5,0.166666666666667,0.01
"FixedCutoff",363528,72,255836,107617,3,0.96,0.703903943563542,0.296096056436458,0.999972124140494,7,0.166666666666667,0.01
"WithinPerson",363528,38,23246,340207,37,0.506666666666667,0.0639587512002927,0.936041248799707,0.999891254511468,7,0.166666666666667,0.01
"WithinSubject",363528,59,197289,166164,16,0.786666666666667,0.542818466211587,0.457181533788413,0.999903718859068,7,0.166666666666667,0.01
"FixedCutoff",358182,72,253148,104959,3,0.96,0.706906036463962,0.293093963536038,0.999971418227549,10,0.166666666666667,0.01
"WithinPerson",358182,38,23246,334861,37,0.506666666666667,0.0649135593551648,0.935086440644835,0.999889518599693,10,0.166666666666667,0.01
"WithinSubject",358182,59,197289,160818,16,0.786666666666667,0.550921931154655,0.449078068845345,0.999900518547073,10,0.166666666666667,0.01
"FixedCutoff",340362,72,245056,95231,3,0.96,0.720145054027924,0.279854945972076,0.999968498645442,20,0.166666666666667,0.01
"WithinPerson",340362,38,23073,317214,37,0.506666666666667,0.0678045297058072,0.932195470294193,0.999883373102055,20,0.166666666666667,0.01
"WithinSubject",340362,59,197289,142998,16,0.786666666666667,0.579772368618255,0.420227631381745,0.99988812284112,20,0.166666666666667,0.01
"FixedCutoff",322542,54,236330,86157,1,0.981818181818182,0.732835742215965,0.267164257784035,0.999988393416746,30,0.166666666666667,0.01
"WithinPerson",322542,28,22709,299778,27,0.509090909090909,0.0704183424448117,0.929581657555188,0.99990994146195,30,0.166666666666667,0.01
"WithinSubject",322542,49,197287,125200,6,0.890909090909091,0.611767296046042,0.388232703953958,0.999952078973851,30,0.166666666666667,0.01
"GAMLSS",408078,39,189690,218328,21,0.65,0.464905960031175,0.535094039968825,0.999903823695094,2,0.0833333333333333,0.05
"GAMLSS",406296,39,188959,217277,21,0.65,0.465145875796335,0.534854124203665,0.999903358521477,3,0.0833333333333333,0.05
"GAMLSS",402732,39,187606,215066,21,0.65,0.465902769499742,0.534097230500258,0.999902365089475,5,0.0833333333333333,0.05
"GAMLSS",399168,39,186306,212802,21,0.65,0.466805977329445,0.533194022670555,0.999901326454378,7,0.0833333333333333,0.05
"GAMLSS",393822,39,184334,209428,21,0.65,0.468135574280911,0.531864425719089,0.999899736928799,10,0.0833333333333333,0.05
"GAMLSS",376002,39,177706,198236,21,0.65,0.472695256183135,0.527304743816865,0.999894076880009,20,0.0833333333333333,0.05
"GAMLSS",358182,39,171093,187029,21,0.65,0.477750598957897,0.522249401042103,0.999887730553328,30,0.0833333333333333,0.05
"GAMLSS",206712,21,95722,110955,14,0.6,0.463147810351418,0.536852189648582,0.99987383863962,2,0.166666666666667,0.05
"GAMLSS",204930,21,95076,109819,14,0.6,0.464023036189268,0.535976963810732,0.999872533755793,3,0.166666666666667,0.05
"GAMLSS",201366,21,93776,107555,14,0.6,0.465780232552364,0.534219767447636,0.999869850979371,5,0.166666666666667,0.05
"GAMLSS",197802,21,92671,105096,14,0.6,0.468586771301582,0.531413228698418,0.999866806203025,7,0.166666666666667,0.05
"GAMLSS",192456,21,90489,101932,14,0.6,0.470265719438107,0.529734280561893,0.99986267239519,10,0.166666666666667,0.05
"GAMLSS",174636,17,83615,90996,8,0.68,0.478864447257046,0.521135552742954,0.999912091776186,20,0.166666666666667,0.05
"GAMLSS",156816,17,76751,80040,8,0.68,0.489511515329324,0.510488484670676,0.999900059964022,30,0.166666666666667,0.05
"GAMLSS",408078,32,144893,263125,28,0.533333333333333,0.355114235156292,0.644885764843708,0.999893598020923,2,0.0833333333333333,0.025
"GAMLSS",406296,32,144358,261878,28,0.533333333333333,0.355355015311297,0.644644984688703,0.999893091414477,3,0.0833333333333333,0.025
"GAMLSS",402732,32,143343,259329,28,0.533333333333333,0.355979556562165,0.644020443437835,0.999892040700656,5,0.0833333333333333,0.025
"GAMLSS",399168,32,142353,256755,28,0.533333333333333,0.356677891698488,0.643322108301512,0.999890958513609,7,0.0833333333333333,0.025
"GAMLSS",393822,32,140874,252888,28,0.533333333333333,0.357764334801225,0.642235665198775,0.999889291306204,10,0.0833333333333333,0.025
"GAMLSS",376002,32,135908,240034,28,0.533333333333333,0.361513212144427,0.638486787855573,0.999883363464438,20,0.0833333333333333,0.025
"GAMLSS",358182,32,131034,227088,28,0.533333333333333,0.365892070300065,0.634107929699935,0.999876714982652,30,0.0833333333333333,0.025
"GAMLSS",206712,16,73109,133568,19,0.457142857142857,0.3537355390295,0.6462644609705,0.99985777059145,2,0.166666666666667,0.025
"GAMLSS",204930,16,72616,132279,19,0.457142857142857,0.354405915224871,0.645594084775129,0.999856384828191,3,0.166666666666667,0.025
"GAMLSS",201366,16,71626,129705,19,0.457142857142857,0.355762401219882,0.644237598780118,0.999853535197805,5,0.166666666666667,0.025
"GAMLSS",197802,16,70775,126992,19,0.457142857142857,0.357870625534088,0.642129374465912,0.999850406657691,7,0.166666666666667,0.025
"GAMLSS",192456,16,69149,123272,19,0.457142857142857,0.359363063283114,0.640636936716886,0.999845893049777,10,0.166666666666667,0.025
"GAMLSS",174636,14,64070,110541,11,0.56,0.366929918504562,0.633070081495438,0.999900499312541,20,0.166666666666667,0.025
"GAMLSS",156816,14,58974,97817,11,0.56,0.376131283045583,0.623868716954417,0.999887557754426,30,0.166666666666667,0.025
"GAMLSS",408078,20,95138,312880,40,0.333333333333333,0.233171085589361,0.766828914410639,0.999872171801099,2,0.0833333333333333,0.01
"GAMLSS",406296,20,94787,311449,40,0.333333333333333,0.233329887060723,0.766670112939277,0.999871584550337,3,0.0833333333333333,0.01
"GAMLSS",402732,20,94111,308561,40,0.333333333333333,0.233716275281122,0.766283724718878,0.999870382792019,5,0.0833333333333333,0.01
"GAMLSS",399168,20,93448,305660,40,0.333333333333333,0.234142136965433,0.765857863034567,0.999869152764148,7,0.0833333333333333,0.01
"GAMLSS",393822,20,92451,301311,40,0.333333333333333,0.234789035000838,0.765210964999162,0.999867264419232,10,0.0833333333333333,0.01
"GAMLSS",376002,20,89134,286808,40,0.333333333333333,0.237095083816121,0.762904916183879,0.999860553324409,20,0.0833333333333333,0.01
"GAMLSS",358182,20,85841,272281,40,0.333333333333333,0.239697644936642,0.760302355063358,0.999853114522934,30,0.0833333333333333,0.01
"GAMLSS",206712,11,47985,158692,24,0.314285714285714,0.232173875177209,0.767826124822791,0.999848786511757,2,0.166666666666667,0.01
"GAMLSS",204930,11,47653,157242,24,0.314285714285714,0.232572781180605,0.767427218819395,0.999847392316203,3,0.166666666666667,0.01
"GAMLSS",201366,11,46990,154341,24,0.314285714285714,0.233396744664259,0.766603255335741,0.999844524341658,5,0.166666666666667,0.01
"GAMLSS",197802,11,46400,151367,24,0.314285714285714,0.234619527019169,0.765380472980831,0.9998414701006,7,0.166666666666667,0.01
"GAMLSS",192456,11,45336,147085,24,0.314285714285714,0.235608379542773,0.764391620457227,0.999836855664847,10,0.166666666666667,0.01
"GAMLSS",174636,9,41956,132655,16,0.36,0.240282685512367,0.759717314487632,0.99987940092409,20,0.166666666666667,0.01
"GAMLSS",156816,9,38580,118211,16,0.36,0.246060041711578,0.753939958288422,0.999864667123415,30,0.166666666666667,0.01
"GAMLSS",247698,27,115298,132355,18,0.6,0.465562702652502,0.534437297347498,0.999864020608432,2,0.25,0.05
"GAMLSS",245916,27,114650,131221,18,0.6,0.466301434492071,0.533698565507929,0.999862845648016,3,0.25,0.05
"GAMLSS",242352,27,113232,129075,18,0.6,0.467308001832386,0.532691998167614,0.999860565638726,5,0.25,0.05
"GAMLSS",238788,27,111811,126932,18,0.6,0.468332055808966,0.531667944191034,0.999858211894447,7,0.25,0.05
"GAMLSS",233442,27,109824,123573,18,0.6,0.470545893906091,0.529454106093909,0.999854358327063,10,0.25,0.05
"GAMLSS",215622,22,103131,112456,13,0.628571428571429,0.478373000227286,0.521626999772714,0.999884412593692,20,0.25,0.05
"GAMLSS",197802,20,96257,101515,10,0.666666666666667,0.486706915033473,0.513293084966527,0.99990150209308,30,0.25,0.05
"GAMLSS",122958,16,57427,65501,14,0.533333333333333,0.467159638162176,0.532840361837824,0.999786308478974,2,0.5,0.05
"GAMLSS",121176,16,56792,64354,14,0.533333333333333,0.468789724794876,0.531210275205124,0.999782500621427,3,0.5,0.05
"GAMLSS",117612,16,55385,62197,14,0.533333333333333,0.471032981238625,0.528967018761375,0.999774959412323,5,0.5,0.05
"GAMLSS",114048,16,54051,59967,14,0.533333333333333,0.474056727885071,0.525943272114929,0.999766592754372,7,0.5,0.05
"GAMLSS",108702,14,52003,56674,11,0.56,0.478509712266625,0.521490287733375,0.999805945135397,10,0.5,0.05
"GAMLSS",90882,12,45070,45792,8,0.6,0.496026941955933,0.503973058044067,0.999825327510917,20,0.5,0.05
"GAMLSS",73062,12,37847,35195,8,0.6,0.518153938829714,0.481846061170286,0.999772746640911,30,0.5,0.05
"GAMLSS",60588,8,28318,32255,7,0.533333333333333,0.467502022353194,0.532497977646806,0.999783026470771,2,1,0.05
"GAMLSS",58806,8,27697,31094,7,0.533333333333333,0.471109523566532,0.528890476433468,0.999774926851227,3,1,0.05
"GAMLSS",55242,8,26362,28865,7,0.533333333333333,0.477338982743948,0.522661017256052,0.999757550568024,5,1,0.05
"GAMLSS",51678,6,25052,26616,4,0.6,0.484864906712085,0.515135093287915,0.99984973703982,7,1,0.05
"GAMLSS",46332,6,22991,23331,4,0.6,0.496330037563145,0.503669962436855,0.999828583672595,10,1,0.05
"GAMLSS",28512,3,15224,13283,2,0.6,0.534044269828463,0.465955730171537,0.999849454271735,20,1,0.05
"GAMLSS",10692,0,6068,4624,0,0,0.567527123082679,0.432472876917321,1,30,1,0.05
"GAMLSS",247698,23,88211,159442,22,0.511111111111111,0.356187891929434,0.643812108070566,0.99986203782672,2,0.25,0.025
"GAMLSS",245916,23,87718,158153,22,0.511111111111111,0.356764319500877,0.643235680499123,0.999860913545124,3,0.25,0.025
"GAMLSS",242352,23,86654,155653,22,0.511111111111111,0.357620704313123,0.642379295686877,0.999858679942187,5,0.25,0.025
"GAMLSS",238788,23,85594,153149,22,0.511111111111111,0.358519412087475,0.641480587912525,0.999856369678333,7,0.25,0.025
"GAMLSS",233442,23,84113,149284,22,0.511111111111111,0.360385951833143,0.639614048166857,0.999852651601409,10,0.25,0.025
"GAMLSS",215622,19,79135,136452,16,0.542857142857143,0.367067587563258,0.632932412436742,0.999882756397104,20,0.25,0.025
"GAMLSS",197802,18,74034,123738,12,0.6,0.374340149262787,0.625659850737213,0.99990303030303,30,0.25,0.025
"GAMLSS",122958,13,43883,79045,17,0.433333333333333,0.356981322400104,0.643018677599896,0.999784978877337,2,0.5,0.025
"GAMLSS",121176,13,43407,77739,17,0.433333333333333,0.358303204397999,0.641696795602001,0.999781367354288,3,0.5,0.025
"GAMLSS",117612,13,42359,75223,17,0.433333333333333,0.360250718647412,0.639749281352588,0.999774056353004,5,0.5,0.025
"GAMLSS",114048,13,41372,72646,17,0.433333333333333,0.362854987808942,0.637145012191058,0.999766043240714,7,0.5,0.025
"GAMLSS",108702,12,39861,68816,13,0.48,0.366784140158451,0.633215859841549,0.999811126124163,10,0.5,0.025
"GAMLSS",90882,11,34695,56167,9,0.55,0.381842794567586,0.618157205432414,0.999839789233837,20,0.5,0.025
"GAMLSS",73062,11,29299,43743,9,0.55,0.401125379918403,0.598874620081597,0.999794295117937,30,0.5,0.025
"GAMLSS",60588,7,21638,38935,8,0.466666666666667,0.3572218645271,0.6427781354729,0.999794571553296,2,1,0.025
"GAMLSS",58806,7,21173,37618,8,0.466666666666667,0.360140157507101,0.639859842492899,0.999787381066284,3,1,0.025
"GAMLSS",55242,7,20184,35043,8,0.466666666666667,0.365473409745233,0.634526590254767,0.999771761148041,5,1,0.025
"GAMLSS",51678,6,19212,32456,4,0.6,0.371835565533793,0.628164434466207,0.999876771410967,7,1,0.025
"GAMLSS",46332,6,17673,28649,4,0.6,0.381524977332585,0.618475022667415,0.999860398562105,10,1,0.025
"GAMLSS",28512,3,11871,16636,2,0.6,0.416424036201635,0.583575963798365,0.99987979324438,20,1,0.025
"GAMLSS",10692,0,4822,5870,0,0,0.45099139543584,0.54900860456416,1,30,1,0.025
"GAMLSS",247698,14,58007,189646,31,0.311111111111111,0.234226922346994,0.765773077653006,0.999836564264513,2,0.25,0.01
"GAMLSS",245916,14,57675,188196,31,0.311111111111111,0.234574227948802,0.765425772051198,0.999835305243137,3,0.25,0.01
"GAMLSS",242352,14,56973,185334,31,0.311111111111111,0.235127338459062,0.764872661540938,0.999832762387722,5,0.25,0.01
"GAMLSS",238788,14,56278,182465,31,0.311111111111111,0.235726283074268,0.764273716925732,0.999830133263195,7,0.25,0.01
"GAMLSS",233442,14,55285,178112,31,0.311111111111111,0.236871082318967,0.763128917681033,0.999825982497207,10,0.25,0.01
"GAMLSS",215622,11,51974,163613,24,0.314285714285714,0.241081326796143,0.758918673203857,0.999853333903701,20,0.25,0.01
"GAMLSS",197802,10,48603,149169,20,0.333333333333333,0.245752684909896,0.754247315090104,0.999865941858984,30,0.25,0.01
"GAMLSS",122958,8,28843,94085,22,0.266666666666667,0.234633281270337,0.765366718729663,0.99976622355404,2,0.5,0.01
"GAMLSS",121176,8,28520,92626,22,0.266666666666667,0.235418420748518,0.764581579251482,0.99976254209481,3,0.5,0.01
"GAMLSS",117612,8,27827,89755,22,0.266666666666667,0.236660373186372,0.763339626813628,0.999754948372077,5,0.5,0.01
"GAMLSS",114048,8,27163,86855,22,0.266666666666667,0.238234313880265,0.761765686119735,0.99974676841972,7,0.5,0.01
"GAMLSS",108702,7,26154,82523,18,0.28,0.240658096929433,0.759341903070567,0.999781926557711,10,0.5,0.01
"GAMLSS",90882,6,22745,68117,14,0.3,0.250324668178116,0.749675331821884,0.999794513510737,20,0.5,0.01
"GAMLSS",73062,6,19204,53838,14,0.3,0.262917225705758,0.737082774294242,0.999740028225507,30,0.5,0.01
"GAMLSS",60588,4,14225,46348,11,0.266666666666667,0.234840605550328,0.765159394449672,0.999762721370176,2,1,0.01
"GAMLSS",58806,4,13906,44885,11,0.266666666666667,0.23653280263986,0.76346719736014,0.999754989308624,3,1,0.01
"GAMLSS",55242,4,13243,41984,11,0.266666666666667,0.239792130660728,0.760207869339272,0.999738064055245,5,1,0.01
"GAMLSS",51678,3,12590,39078,7,0.3,0.243671131067585,0.756328868932415,0.99982090315978,7,1,0.01
"GAMLSS",46332,3,11575,34747,7,0.3,0.249881265921161,0.750118734078839,0.999798584335616,10,1,0.01
"GAMLSS",28512,1,7822,20685,4,0.2,0.274388746623636,0.725611253376364,0.999806660544251,20,1,0.01
"GAMLSS",10692,0,3246,7446,0,0,0.303591470258137,0.696408529741863,1,30,1,0.01
"GAMLSS",247698,35,142259,105394,10,0.777777777777778,0.574428736982795,0.425571263017206,0.999905126940154,2,0.25,0.1
"GAMLSS",245916,35,141428,104443,10,0.777777777777778,0.575212204774048,0.424787795225952,0.999904263161422,3,0.25,0.1
"GAMLSS",242352,35,139632,102675,10,0.777777777777778,0.576260694078174,0.423739305921826,0.999902614792813,5,0.25,0.1
"GAMLSS",238788,35,137824,100919,10,0.777777777777778,0.577290224215998,0.422709775784002,0.999900920449029,7,0.25,0.1
"GAMLSS",233442,35,135304,98093,10,0.777777777777778,0.579716106033925,0.420283893966075,0.999898066318053,10,0.25,0.1
"GAMLSS",215622,29,126850,88737,6,0.828571428571429,0.588393548776132,0.411606451223868,0.999932389033501,20,0.25,0.1
"GAMLSS",197802,26,118127,79645,4,0.866666666666667,0.597288797200817,0.402711202799183,0.999949779658251,30,0.25,0.1
"GAMLSS",122958,23,70815,52113,7,0.766666666666667,0.576068918391253,0.423931081608747,0.999865694551036,2,0.5,0.1
"GAMLSS",121176,23,70003,51143,7,0.766666666666667,0.577839961699107,0.422160038300893,0.999863147605083,3,0.5,0.1
"GAMLSS",117612,23,68211,49371,7,0.766666666666667,0.580114303209675,0.419885696790325,0.999858236461582,5,0.5,0.1
"GAMLSS",114048,23,66516,47502,7,0.766666666666667,0.583381571330842,0.416618428669157,0.999852659496095,7,0.5,0.1
"GAMLSS",108702,20,63926,44751,5,0.8,0.58822013857578,0.41177986142422,0.999888283135222,10,0.5,0.1
"GAMLSS",90882,17,55131,35731,3,0.85,0.606755299245009,0.393244700754991,0.999916046342419,20,0.5,0.1
"GAMLSS",73062,17,46049,26993,3,0.85,0.630445497111251,0.369554502888749,0.999888872425544,30,0.5,0.1
"GAMLSS",60588,12,34887,25686,3,0.8,0.57594968055074,0.42405031944926,0.99988321849819,2,1,0.1
"GAMLSS",58806,12,34086,24705,3,0.8,0.579782619788743,0.420217380211257,0.999878581835843,3,1,0.1
"GAMLSS",55242,12,32389,22838,3,0.8,0.586470385861988,0.413529614138012,0.999868657239175,5,1,0.1
"GAMLSS",51678,9,30724,20944,1,0.9,0.594642718897577,0.405357281102423,0.999952255908331,7,1,0.1
"GAMLSS",46332,9,28122,18200,1,0.9,0.607098139113164,0.392901860886836,0.999945057963848,10,1,0.1
"GAMLSS",28512,4,18418,10089,1,0.8,0.646086926018171,0.353913073981829,0.99990089197225,20,1,0.1
"GAMLSS",10692,0,7228,3464,0,0,0.676019453797232,0.323980546202768,1,30,1,0.1
"GAMLSS",408078,49,234193,173825,11,0.816666666666667,0.573977128460019,0.426022871539981,0.999936721967832,2,0.0833333333333333,0.1
"GAMLSS",406296,49,233278,172958,11,0.816666666666667,0.574242558512786,0.425757441487214,0.999936404789297,3,0.0833333333333333,0.1
"GAMLSS",402732,49,231563,171109,11,0.816666666666667,0.575066058727699,0.424933941272301,0.999935717625058,5,0.0833333333333333,0.1
"GAMLSS",399168,49,229896,169212,11,0.816666666666667,0.576024534712409,0.423975465287591,0.999934997015772,7,0.0833333333333333,0.1
"GAMLSS",393822,49,227400,166362,11,0.816666666666667,0.577506209334573,0.422493790665427,0.999933883502732,10,0.0833333333333333,0.1
"GAMLSS",376002,49,218982,156960,11,0.816666666666667,0.582488788164132,0.417511211835868,0.99992992336164,20,0.0833333333333333,0.1
"GAMLSS",358182,49,210579,147543,11,0.816666666666667,0.588009114212475,0.411990885787525,0.999925451021321,30,0.0833333333333333,0.1
"GAMLSS",206712,28,118196,88481,7,0.8,0.571887534655525,0.428112465344475,0.99992089322846,2,0.166666666666667,0.1
"GAMLSS",204930,28,117368,87527,7,0.8,0.572820224993289,0.427179775006711,0.99992003107364,3,0.166666666666667,0.1
"GAMLSS",201366,28,115701,85630,7,0.8,0.574680501264088,0.425319498735913,0.999918259630767,5,0.166666666666667,0.1
"GAMLSS",197802,28,114303,83464,7,0.8,0.577968012863622,0.422031987136378,0.999916138539133,7,0.166666666666667,0.1
"GAMLSS",192456,28,111530,80891,7,0.8,0.579614491141819,0.420385508858181,0.999913471284828,10,0.166666666666667,0.1
"GAMLSS",174636,22,102819,71792,3,0.88,0.588846063535516,0.411153936464484,0.999958214360331,20,0.166666666666667,0.1
"GAMLSS",156816,22,94096,62695,3,0.88,0.600136487425936,0.399863512574064,0.999952151583783,30,0.166666666666667,0.1
"PJQM2",408078,35,43333,364685,25,0.583333333333333,0.10620364787828,0.89379635212172,0.999931452386828,2,0.0833333333333333,0.1
"PJQM2",406296,35,41555,364681,25,0.583333333333333,0.102292755934974,0.897707244065026,0.999931451635016,3,0.0833333333333333,0.1
"PJQM2",402732,35,39890,362782,25,0.583333333333333,0.0990632574402988,0.900936742559701,0.999931092839995,5,0.0833333333333333,0.1
"PJQM2",399168,35,39890,359218,25,0.583333333333333,0.0999478837808312,0.900052116219169,0.999930409221613,7,0.0833333333333333,0.1
"PJQM2",393822,35,38114,355648,25,0.583333333333333,0.0967945103895246,0.903205489610475,0.999929710717429,10,0.0833333333333333,0.1
"PJQM2",376002,35,34631,341311,25,0.583333333333333,0.0921179330854228,0.907882066914577,0.9999267583847,20,0.0833333333333333,0.1
"PJQM2",358182,35,34604,323518,25,0.583333333333333,0.0966262893650767,0.903373710634923,0.999922730518045,30,0.0833333333333333,0.1
"PJQM2",206712,15,21780,184897,20,0.428571428571429,0.105381827682809,0.894618172317191,0.999891843367565,2,0.166666666666667,0.1
"PJQM2",204930,15,21775,183120,20,0.428571428571429,0.10627394519144,0.89372605480856,0.999890793928142,3,0.166666666666667,0.1
"PJQM2",201366,15,21775,179556,20,0.428571428571429,0.108155226964551,0.891844773035449,0.999888626542522,5,0.166666666666667,0.1
"PJQM2",197802,15,21775,175992,20,0.428571428571429,0.110104314673328,0.889895685326672,0.999886371383769,7,0.166666666666667,0.1
"PJQM2",192456,15,18238,174183,20,0.428571428571429,0.0947817545901955,0.905218245409805,0.999885191414614,10,0.166666666666667,0.1
"PJQM2",174636,15,16513,158098,10,0.6,0.0945702160803157,0.905429783919684,0.999936752093506,20,0.166666666666667,0.1
"PJQM2",156816,15,14809,141982,10,0.6,0.0944505743314348,0.905549425668565,0.999929573497098,30,0.166666666666667,0.1
"PJQM2",247698,25,22851,224802,20,0.555555555555556,0.0922702329469055,0.907729767053094,0.999911040734448,2,0.25,0.1
"PJQM2",245916,25,22843,223028,20,0.555555555555556,0.0929064428094407,0.907093557190559,0.999910333201822,3,0.25,0.1
"PJQM2",242352,25,21068,221239,20,0.555555555555556,0.086947550008873,0.913052449991127,0.999909608196729,5,0.25,0.1
"PJQM2",238788,25,19324,219419,20,0.555555555555556,0.0809405930226227,0.919059406977377,0.999908858498261,7,0.25,0.1
"PJQM2",233442,25,19324,214073,20,0.555555555555556,0.0827945517723021,0.917205448227698,0.999906582653333,10,0.25,0.1
"PJQM2",215622,20,17669,197918,15,0.571428571428571,0.0819576319536892,0.918042368046311,0.999924216780426,20,0.25,0.1
"PJQM2",197802,20,17027,180745,10,0.666666666666667,0.0860940881419008,0.913905911858099,0.999944676495809,30,0.25,0.1
"PJQM2",122958,10,12864,110064,20,0.333333333333333,0.10464662241312,0.89535337758688,0.999818320555212,2,0.5,0.1
"PJQM2",121176,10,11142,110004,20,0.333333333333333,0.091971670546283,0.908028329453717,0.99981822147895,3,0.5,0.1
"PJQM2",117612,10,9366,108216,20,0.333333333333333,0.0796550492422309,0.920344950757769,0.9998152185964,5,0.5,0.1
"PJQM2",114048,10,9357,104661,20,0.333333333333333,0.0820659895805925,0.917934010419407,0.999808943361259,7,0.5,0.1
"PJQM2",108702,10,9321,99356,15,0.4,0.0857679177746901,0.91423208222531,0.99984905052782,10,0.5,0.1
"PJQM2",90882,10,7547,83315,10,0.5,0.0830600250929982,0.916939974907002,0.9998799879988,20,0.5,0.1
"PJQM2",73062,10,5043,67999,10,0.5,0.0690424687166288,0.930957531283371,0.999852960637563,30,0.5,0.1
"PJQM2",60588,5,14961,45612,10,0.333333333333333,0.246991233717993,0.753008766282007,0.999780807505151,2,1,0.1
"PJQM2",58806,5,13215,45576,10,0.333333333333333,0.224779302954534,0.775220697045466,0.9997806344053,3,1,0.1
"PJQM2",55242,5,11381,43846,10,0.333333333333333,0.206076737827512,0.793923262172488,0.999771981028822,5,1,0.1
"PJQM2",51678,5,11376,40292,5,0.5,0.220174963226755,0.779825036773245,0.999875921284463,7,1,0.1
"PJQM2",46332,5,9793,36529,5,0.5,0.211411424377186,0.788588575622814,0.999863141183555,10,1,0.1
"PJQM2",28512,0,2097,26410,5,0,0.0735608797839127,0.926439120216087,0.999810713609691,20,1,0.1
"PJQM2",10692,0,0,10692,0,0,0,1,1,30,1,0.1
"PJQM2",408078,35,21024,386994,25,0.583333333333333,0.0515271385085952,0.948472861491405,0.999935403688191,2,0.0833333333333333,0.05
"PJQM2",406296,35,19249,386987,25,0.583333333333333,0.0473837867643439,0.952616213235656,0.999935402519818,3,0.0833333333333333,0.05
"PJQM2",402732,35,19244,383428,25,0.583333333333333,0.0477907577383081,0.952209242261692,0.99993480296151,5,0.0833333333333333,0.05
"PJQM2",399168,35,19244,379864,25,0.583333333333333,0.0482175250809305,0.95178247491907,0.999934191303249,7,0.0833333333333333,0.05
"PJQM2",393822,35,17478,376284,25,0.583333333333333,0.0443872186752404,0.95561278132476,0.999933565234953,10,0.0833333333333333,0.05
"PJQM2",376002,35,15738,360204,25,0.583333333333333,0.0418628405445521,0.958137159455448,0.999930599701856,20,0.0833333333333333,0.05
"PJQM2",358182,35,15738,342384,25,0.583333333333333,0.0439459178715633,0.956054082128437,0.999926987900435,30,0.0833333333333333,0.05
"PJQM2",206712,14,10361,196316,21,0.4,0.050131364399522,0.949868635600478,0.999893041046772,2,0.166666666666667,0.05
"PJQM2",204930,14,10356,194539,21,0.4,0.0505429610288196,0.94945703897118,0.999892064144737,3,0.166666666666667,0.05
"PJQM2",201366,14,10356,190975,21,0.4,0.051437682224794,0.948562317775206,0.999890050053404,5,0.166666666666667,0.05
"PJQM2",197802,14,10356,187411,21,0.4,0.0523646513321232,0.947635348667877,0.999887959366597,7,0.166666666666667,0.05
"PJQM2",192456,14,8597,183824,21,0.4,0.0446780756778106,0.955321924322189,0.999885773341674,10,0.166666666666667,0.05
"PJQM2",174636,14,7169,167442,11,0.56,0.0410569780827096,0.95894302191729,0.99993430992577,20,0.166666666666667,0.05
"PJQM2",156816,14,7074,149717,11,0.56,0.0451173855642224,0.954882614435778,0.999926533447318,30,0.166666666666667,0.05
"PJQM2",247698,23,12325,235328,22,0.511111111111111,0.0497672146107659,0.950232785389234,0.999906522200977,2,0.25,0.05
"PJQM2",245916,23,12320,233551,22,0.511111111111111,0.0501075767373948,0.949892423262605,0.999905811031241,3,0.25,0.05
"PJQM2",242352,23,10545,231762,22,0.511111111111111,0.0435191719595389,0.956480828040461,0.999905084043765,5,0.25,0.05
"PJQM2",238788,23,9003,229740,22,0.511111111111111,0.0377100061572486,0.962289993842751,0.999904248744353,7,0.25,0.05
"PJQM2",233442,23,9003,224394,22,0.511111111111111,0.0385737605881824,0.961426239411818,0.999901967774134,10,0.25,0.05
"PJQM2",215622,18,7389,208198,17,0.514285714285714,0.0342738662349771,0.965726133765023,0.999918353624859,20,0.25,0.05
"PJQM2",197802,18,7298,190474,12,0.6,0.0369010780090205,0.963098921990979,0.999937003244333,30,0.25,0.05
"PJQM2",122958,9,5510,117418,21,0.3,0.0448229858128335,0.955177014187166,0.999821183763486,2,0.5,0.05
"PJQM2",121176,9,5510,115636,21,0.3,0.0454823106004325,0.954517689399567,0.999818428629482,3,0.5,0.05
"PJQM2",117612,9,3738,113844,21,0.3,0.0317905801908455,0.968209419809154,0.999815571071005,5,0.5,0.05
"PJQM2",114048,9,3738,110280,21,0.3,0.032784297216229,0.967215702783771,0.999809611880219,7,0.5,0.05
"PJQM2",108702,9,3735,104942,16,0.36,0.0343678975312164,0.965632102468784,0.999847558070847,10,0.5,0.05
"PJQM2",90882,9,2266,88596,11,0.45,0.0249389183597103,0.97506108164029,0.999875856309321,20,0.5,0.05
"PJQM2",73062,9,2089,70953,11,0.45,0.0285999835710961,0.971400016428904,0.999844991826842,30,0.5,0.05
"PJQM2",60588,5,5506,55067,10,0.333333333333333,0.0908985851782147,0.909101414821785,0.999818436007771,2,1,0.05
"PJQM2",58806,5,5463,53328,10,0.333333333333333,0.092922386079502,0.907077613920498,0.999812516404815,3,1,0.05
"PJQM2",55242,5,3683,51544,10,0.333333333333333,0.0666883951690296,0.93331160483097,0.999806028630174,5,1,0.05
"PJQM2",51678,5,3683,47985,5,0.5,0.0712820314314469,0.928717968568553,0.999895811627422,7,1,0.05
"PJQM2",46332,5,3631,42691,5,0.5,0.0783860800483571,0.921613919951643,0.999882893011055,10,1,0.05
"PJQM2",28512,0,506,28001,5,0,0.0177500263093275,0.982249973690672,0.999821466828537,20,1,0.05
"PJQM2",10692,0,0,10692,0,0,0,1,1,30,1,0.05
"PJQM2",408078,33,8873,399145,27,0.55,0.0217465896112426,0.978253410388757,0.999932359985169,2,0.0833333333333333,0.025
"PJQM2",406296,33,8429,397807,27,0.55,0.0207490227355527,0.979250977264447,0.999932132497474,3,0.0833333333333333,0.025
"PJQM2",402732,33,8424,394248,27,0.55,0.0209202527118846,0.979079747288115,0.999931519878258,5,0.0833333333333333,0.025
"PJQM2",399168,33,8424,390684,27,0.55,0.0211070687633423,0.978892931236658,0.99993089521411,7,0.0833333333333333,0.025
"PJQM2",393822,33,6658,387104,27,0.55,0.0169086910367176,0.983091308963282,0.999930256166517,10,0.0833333333333333,0.025
"PJQM2",376002,33,6638,369304,27,0.55,0.0176569790020801,0.98234302099792,0.999926894845004,20,0.0833333333333333,0.025
"PJQM2",358182,33,6638,351484,27,0.55,0.0185355828460692,0.981464417153931,0.999923188748005,30,0.0833333333333333,0.025
"PJQM2",206712,14,5743,200934,21,0.4,0.0277873203114038,0.972212679688596,0.999895498992312,2,0.166666666666667,0.025
"PJQM2",204930,14,5738,199157,21,0.4,0.0280045877156592,0.971995412284341,0.99989456666901,3,0.166666666666667,0.025
"PJQM2",201366,14,5738,195593,21,0.4,0.0285003303018412,0.971499669698159,0.999892645720654,5,0.166666666666667,0.025
"PJQM2",197802,14,5738,192029,21,0.4,0.0290139406473274,0.970986059352673,0.999890653475657,7,0.166666666666667,0.025
"PJQM2",192456,14,4017,188404,21,0.4,0.0208760998019967,0.979123900198003,0.999888549820884,10,0.166666666666667,0.025
"PJQM2",174636,14,3955,170656,11,0.56,0.0226503484889268,0.977349651511073,0.999935547000885,20,0.166666666666667,0.025
"PJQM2",156816,14,3891,152900,11,0.56,0.0248164754354523,0.975183524564548,0.9999280627293,30,0.166666666666667,0.025
"PJQM2",247698,23,7670,239983,22,0.511111111111111,0.0309707534332312,0.969029246566769,0.999908335243016,2,0.25,0.025
"PJQM2",245916,23,7665,238206,22,0.511111111111111,0.0311748843905951,0.968825115609405,0.999907651493527,3,0.25,0.025
"PJQM2",242352,23,5900,236407,22,0.511111111111111,0.0243492759185661,0.975650724081434,0.999906948809156,5,0.25,0.025
"PJQM2",238788,23,5889,232854,22,0.511111111111111,0.0246666917982936,0.975333308201706,0.999905529122795,7,0.25,0.025
"PJQM2",233442,23,5889,227508,22,0.511111111111111,0.0252316867826065,0.974768313217394,0.999903309453698,10,0.25,0.025
"PJQM2",215622,18,4279,211308,17,0.514285714285714,0.0198481355554834,0.980151864444517,0.999919555187507,20,0.25,0.025
"PJQM2",197802,18,4217,193555,12,0.6,0.0213225330178185,0.978677466982181,0.99993800596176,30,0.25,0.025
"PJQM2",122958,9,4644,118284,21,0.3,0.0377782116360797,0.96222178836392,0.999822492709522,2,0.5,0.025
"PJQM2",121176,9,4644,116502,21,0.3,0.0383339111485315,0.961666088851468,0.999819778069566,3,0.5,0.025
"PJQM2",117612,9,2873,114709,21,0.3,0.0244340120086408,0.975565987991359,0.999816961561928,5,0.5,0.025
"PJQM2",114048,9,2873,111145,21,0.3,0.0251977757897876,0.974802224210212,0.9998110933199,7,0.5,0.025
"PJQM2",108702,9,2870,105807,16,0.36,0.0264085317040404,0.97359146829596,0.999848804135207,10,0.5,0.025
"PJQM2",90882,9,1420,89442,11,0.45,0.0156280953533931,0.984371904646607,0.99987703039585,20,0.5,0.025
"PJQM2",73062,9,1325,71717,11,0.45,0.0181402480764492,0.981859751923551,0.999846642873076,30,0.5,0.025
"PJQM2",60588,5,4411,56162,10,0.333333333333333,0.0728212239776798,0.92717877602232,0.99982197536139,2,1,0.025
"PJQM2",58806,5,4411,54380,10,0.333333333333333,0.0750284907553877,0.924971509244612,0.999816142673286,3,1,0.025
"PJQM2",55242,5,2632,52595,10,0.333333333333333,0.0476578485161244,0.952342151483876,0.999809904001521,5,1,0.025
"PJQM2",51678,5,2632,49036,5,0.5,0.0509406208872029,0.949059379112797,0.999898044493383,7,1,0.025
"PJQM2",46332,5,2580,43742,5,0.5,0.0556970769828591,0.944302923017141,0.999885706448442,10,1,0.025
"PJQM2",28512,0,86,28421,5,0,0.00301680289051812,0.996983197109482,0.999824104692887,20,1,0.025
"PJQM2",10692,0,0,10692,0,0,0,1,1,30,1,0.025
"PJQM2",408078,33,4769,403249,27,0.55,0.0116882098338799,0.98831179016612,0.999933048334143,2,0.0833333333333333,0.01
"PJQM2",406296,33,4764,401472,27,0.55,0.0117271733672053,0.988272826632795,0.999932752011836,3,0.0833333333333333,0.01
"PJQM2",402732,33,4761,397911,27,0.55,0.0118235188937895,0.98817648110621,0.999932150234459,5,0.0833333333333333,0.01
"PJQM2",399168,33,4761,394347,27,0.55,0.0119291018972308,0.988070898102769,0.999931537068874,7,0.0833333333333333,0.01
"PJQM2",393822,33,3014,390748,27,0.55,0.00765436989856817,0.992345630101432,0.999930906531892,10,0.0833333333333333,0.01
"PJQM2",376002,33,3014,372928,27,0.55,0.00801719414164951,0.991982805858351,0.999927605207062,20,0.0833333333333333,0.01
"PJQM2",358182,33,3014,355108,27,0.55,0.00841612634800431,0.991583873651996,0.99992397257381,30,0.0833333333333333,0.01
"PJQM2",206712,14,1767,204910,21,0.4,0.00854957252137393,0.991450427478626,0.999897526484524,2,0.166666666666667,0.01
"PJQM2",204930,14,1766,203129,21,0.4,0.00861904878108299,0.991380951218917,0.99989662810731,3,0.166666666666667,0.01
"PJQM2",201366,14,1766,199565,21,0.4,0.00877162483671168,0.991228375163288,0.999894782199152,5,0.166666666666667,0.01
"PJQM2",197802,14,1766,196001,21,0.4,0.00892970010163475,0.991070299898365,0.999892869167746,7,0.166666666666667,0.01
"PJQM2",192456,14,1744,190677,21,0.4,0.00906345980948025,0.99093654019052,0.999889878236793,10,0.166666666666667,0.01
"PJQM2",174636,14,1686,172925,11,0.56,0.00965574906506463,0.990344250934935,0.99993639265393,20,0.166666666666667,0.01
"PJQM2",156816,14,1686,155105,11,0.56,0.0107531682303193,0.989246831769681,0.999929085329689,30,0.166666666666667,0.01
"PJQM2",247698,22,3690,243963,23,0.488888888888889,0.014899880074136,0.985100119925864,0.999905732296115,2,0.25,0.01
"PJQM2",245916,22,3685,242186,23,0.488888888888889,0.0149875341134172,0.985012465886583,0.999905040688001,3,0.25,0.01
"PJQM2",242352,22,1938,240369,23,0.488888888888889,0.00799811808986121,0.992001881910139,0.999904322939199,5,0.25,0.01
"PJQM2",238788,22,1927,236816,23,0.488888888888889,0.00807144083805598,0.991928559161944,0.999902887615638,7,0.25,0.01
"PJQM2",233442,22,1927,231470,23,0.488888888888889,0.00825631863305869,0.991743681366941,0.999900644943908,10,0.25,0.01
"PJQM2",215622,17,1885,213702,18,0.485714285714286,0.00874356988130082,0.991256430118699,0.999915777653004,20,0.25,0.01
"PJQM2",197802,17,1885,195887,13,0.566666666666667,0.00953117731529236,0.990468822684708,0.999933639612047,30,0.25,0.01
"PJQM2",122958,9,2810,120118,21,0.3,0.0228589092802291,0.977141090719771,0.999825202473801,2,0.5,0.01
"PJQM2",121176,9,2810,118336,21,0.3,0.0231951529559375,0.976804847044063,0.999822570697128,3,0.5,0.01
"PJQM2",117612,9,1039,116543,21,0.3,0.00883638652174653,0.991163613478253,0.999819841460485,5,0.5,0.01
"PJQM2",114048,9,1039,112979,21,0.3,0.00911259625673139,0.990887403743269,0.999814159292035,7,0.5,0.01
"PJQM2",108702,9,1039,107638,16,0.36,0.00956044057160209,0.990439559428398,0.999851375703643,10,0.5,0.01
"PJQM2",90882,9,927,89935,11,0.45,0.0102022847835179,0.989797715216482,0.999877704400418,20,0.5,0.01
"PJQM2",73062,9,927,72115,11,0.45,0.0126913282768818,0.987308671723118,0.999847489116269,30,0.5,0.01
"PJQM2",60588,5,2355,58218,10,0.333333333333333,0.038878708335397,0.961121291664603,0.999828261317579,2,1,0.01
"PJQM2",58806,5,2355,56436,10,0.333333333333333,0.0400571516048375,0.959942848395163,0.999822839528045,3,1,0.01
"PJQM2",55242,5,577,54650,10,0.333333333333333,0.0104477882195303,0.98955221178047,0.999817050859861,5,1,0.01
"PJQM2",51678,5,577,51091,5,0.5,0.0111674537431292,0.988832546256871,0.999902144981995,7,1,0.01
"PJQM2",46332,5,565,45757,5,0.5,0.0121972280989595,0.98780277190104,0.999890739041126,10,1,0.01
"PJQM2",28512,0,31,28476,5,0,0.00108745220472165,0.998912547795278,0.99982444436642,20,1,0.01
"PJQM2",10692,0,0,10692,0,0,0,1,1,30,1,0.01